Price,Make,Model,Prod. year,Category,Gear box type,Drive wheels,UHighway
11917,HONDA,Step Wagon,2005,Minivan,Automatic,4x4,35
11290,HYUNDAI,Santa FE,2018,Minivan,Automatic,4x4,35
11133,MERCEDES-BENZ,E 350,2011,Sedan,Automatic,Front,47
53031,NISSAN,X-Trail,2005,Jeep,Automatic,Front,47
15994,OPEL,Astra H,2009,Coupe,Automatic,Rear,32
28225,OPEL,Combo,2008,Sedan,Automatic,Rear,32
11917,TOYOTA,Camry,2013,Jeep,Automatic,4x4,41
11500,DODGE,Caliber,2010,Jeep,Automatic,4x4,41
10976,FIAT,500,2015,Coupe,Manual,Front,43
11917,FORD,Escape,2011,Goods wagon,Manual,Front,43
10976,FORD,Focus,2015,Sedan,Manual,Front,36
103491,FORD,Transit Connect,2009,Goods wagon,Manual,Front,36
32302,FORD,Transit Connect,2012,Sedan,Automatic,Front,36
23521,FORD,Transit,1995,Sedan,Automatic,Front,36
13799,FORD,Transit,1996,Universal,Automatic,Front,39
14113,FORD,Transit,1997,Hatchback,Automatic,Front,32.0513
16621,FORD,Transit,1998,Jeep,Automatic,4x4,36
13172,FORD,Transit,1999,Hatchback,Automatic,Front,31
10500,FORD,Transit,2000,Goods wagon,Manual,Front,33.3333
15681,FORD,Transit,2001,Goods wagon,Manual,Front,28
10349,FORD,Transit,2002,Microbus,Manual,Rear,28
23521,FORD,Transit,2004,Microbus,Manual,Rear,23
10976,FORD,Transit,2005,Microbus,Manual,Rear,39.7436
10976,FORD,Transit,2007,Microbus,Manual,Front,33
10976,FORD,Transit,2008,Universal,Manual,Rear,23
12544,FORD,Transit,2011,Microbus,Manual,Rear,37
14113,HONDA,Elysion,2011,Goods wagon,Manual,Rear,35
12800,HONDA,Insight,2010,Microbus,Manual,Front,38
15053,HYUNDAI,Elantra,2014,Microbus,Manual,Rear,35
20000,HYUNDAI,Veloster,2013,Microbus,Manual,Rear,32
15681,MERCEDES-BENZ,S 550,2016,Goods wagon,Manual,Front,32
16621,MERCEDES-BENZ,Sprinter,2001,Microbus,Manual,Rear,32
15681,MERCEDES-BENZ,Sprinter,2002,Microbus,Manual,Rear,32
15991,MERCEDES-BENZ,Sprinter,2004,Microbus,Manual,Front,37
15681,MERCEDES-BENZ,Sprinter,2005,Microbus,Manual,Rear,35
16308,MERCEDES-BENZ,Sprinter,2006,Microbus,Manual,Front,38
17876,MERCEDES-BENZ,Sprinter,2008,Microbus,Manual,Rear,33
25716,MERCEDES-BENZ,Vito,2005,Goods wagon,Manual,Rear,34
15681,MERCEDES-BENZ,Vito,2008,Minivan,Automatic,Front,33.3333
13799,TOYOTA,Land Cruiser,2008,Hatchback,Automatic,Front,26
25591,TOYOTA,Prius C,2014,Sedan,Automatic,Front,26
11917,TOYOTA,Prius,2007,Coupe,Automatic,Front,32
72758,TOYOTA,RAV 4,2001,Coupe,Automatic,4x4,33
19444,BMW,330,2001,Microbus,Manual,Rear,15
14113,CHEVROLET,Cruze,2015,Microbus,Manual,Rear,34
26657,FORD,Escape,2007,Microbus,Manual,Rear,36
20385,FORD,Transit,2003,Microbus,Manual,Rear,33.3333
21953,HONDA,Civic,2008,Microbus,Manual,Rear,34
45473,HYUNDAI,Accent,2015,Microbus,Manual,Rear,36
12544,HYUNDAI,Elantra,2015,Minivan,Manual,Rear,41
17000,HYUNDAI,Sonata,2012,Minivan,Manual,Rear,34
51746,MERCEDES-BENZ,Sprinter,1998,Jeep,Automatic,4x4,37
17562,MERCEDES-BENZ,Sprinter,2010,Hatchback,Automatic,Front,38
10663,MERCEDES-BENZ,Vito,2004,Hatchback,Automatic,Front,33.3333
10820,MITSUBISHI,Pajero IO,2001,Jeep,Automatic,4x4,15
10036,MITSUBISHI,Pajero,1997,Coupe,Manual,Rear,35
11604,NISSAN,Pathfinder,2006,Sedan,Manual,Rear,35
17249,OPEL,Astra,2008,Sedan,Automatic,Front,29
19444,TOYOTA,Prius C,2012,Sedan,Automatic,Front,29
14900,CHEVROLET,Cruze,2012,Jeep,Automatic,4x4,30.7692
11917,CHEVROLET,Cruze,2013,Jeep,Automatic,4x4,30.7692
11604,CHEVROLET,Cruze,2016,Microbus,Manual,Rear,34
11604,CHEVROLET,Volt,2011,Microbus,Manual,Rear,34
12544,CHEVROLET,Volt,2012,Microbus,Manual,Front,28
13172,CHEVROLET,Volt,2013,Goods wagon,Manual,Front,28
18817,CHEVROLET,Volt,2014,Minivan,Manual,Front,38
12544,FIAT,500 Abarth,2013,Coupe,Automatic,Front,33.3333
11917,FIAT,500,2012,Sedan,Automatic,Front,33.3333
17249,FORD,C-MAX,2013,Sedan,Automatic,Front,38
16289,FORD,C-MAX,2014,Sedan,Automatic,Front,38
28830,FORD,C-MAX,2015,Sedan,Automatic,Front,39.7436
19757,FORD,Fiesta,2013,Sedan,Automatic,Front,39.7436
22894,FORD,Fiesta,2014,Sedan,Automatic,Front,32
17249,FORD,Focus,2013,Sedan,Automatic,Front,32
20385,FORD,Fusion,2014,Microbus,Manual,Rear,30.7692
15500,FORD,Fusion,2016,Microbus,Manual,Rear,30.7692
16308,HONDA,Civic,2013,Microbus,Manual,Rear,33
11604,HONDA,Elysion,2006,Microbus,Manual,Rear,33
36065,HONDA,FIT,2012,Microbus,Manual,Rear,34
37633,HONDA,FIT,2013,Microbus,Manual,Rear,36
42000,HONDA,FIT,2014,Microbus,Manual,Rear,33
37633,HONDA,FIT,2017,Microbus,Manual,Rear,33
26343,HONDA,FIT,2018,Minivan,Manual,Rear,35
13172,HONDA,FIT,2019,Minivan,Manual,Rear,35
10036,HONDA,Insight,2012,Jeep,Automatic,4x4,36
10000,HYUNDAI,Elantra,2013,Jeep,Automatic,4x4,36
15681,HYUNDAI,Elantra,2017,Jeep,Automatic,4x4,41
17249,HYUNDAI,I30,2008,Jeep,Automatic,4x4,41
21326,HYUNDAI,I30,2009,Jeep,Manual,4x4,37
28852,HYUNDAI,I30,2012,Jeep,Manual,4x4,37
11917,HYUNDAI,Santa FE,2017,Goods wagon,Manual,Front,38
18189,HYUNDAI,Sonata,2011,Coupe,Manual,Front,38
19757,HYUNDAI,Sonata,2017,Sedan,Automatic,Front,34
13485,KIA,Ceed,2008,Hatchback,Automatic,Front,34
14113,KIA,Cerato,2014,Sedan,Automatic,Front,20
14740,KIA,Optima,2011,Sedan,Automatic,Front,18
12541,KIA,Optima,2015,Sedan,Automatic,Front,23
22894,KIA,Optima,2017,Hatchback,Automatic,Front,36
24462,KIA,RIO lx,2014,Sedan,Automatic,Front,38
19130,MAZDA,Mazda 6,2014,Hatchback,Automatic,Front,31
27284,MITSUBISHI,Delica,2004,Hatchback,Automatic,Front,31
19130,NISSAN,Juke,2012,Coupe,Manual,Front,37
14113,NISSAN,Juke,2013,Sedan,Manual,Front,39
12544,NISSAN,Tiida,2005,Sedan,Automatic,Front,31
16000,NISSAN,X-Trail,2004,Hatchback,Automatic,Front,35
16151,OPEL,Astra H,2007,Hatchback,Automatic,Front,36
12544,OPEL,Astra H,2008,Hatchback,Automatic,Front,38
10663,OPEL,Astra,2007,Hatchback,Automatic,Front,38
26971,OPEL,Astra,2009,Sedan,Manual,Front,24
20385,SUBARU,Forester,2018,Sedan,Automatic,Front,30
28225,TOYOTA,Aqua,2012,Sedan,Automatic,Front,35
19444,TOYOTA,Aqua,2013,Microbus,Manual,Rear,32
36235,TOYOTA,Aqua,2014,Sedan,Automatic,Front,36
17249,TOYOTA,Aqua,2015,Minivan,Automatic,Front,35
12231,TOYOTA,Aqua,2016,Hatchback,Automatic,Front,35
16900,TOYOTA,Aqua,2017,Hatchback,Automatic,Front,32
11726,TOYOTA,Aqua,2018,Hatchback,Automatic,Front,32
38822,TOYOTA,Aqua,2019,Universal,Automatic,Front,32
22291,TOYOTA,Camry,2006,Hatchback,Automatic,Front,33
27284,TOYOTA,Camry,2007,Hatchback,Automatic,Front,19
10000,TOYOTA,Camry,2008,Hatchback,Automatic,Front,33
11917,TOYOTA,Camry,2009,Sedan,Automatic,Front,32
28909,TOYOTA,Camry,2010,Sedan,Automatic,Front,36
11917,TOYOTA,Camry,2015,Hatchback,Manual,Front,33.3333
10976,TOYOTA,Corolla,2006,Sedan,Automatic,Front,33.3333
11917,TOYOTA,Corolla,2007,Hatchback,Automatic,Front,33.3333
55390,TOYOTA,Highlander,2011,Jeep,Automatic,Front,36
15257,TOYOTA,Highlander,2012,Sedan,Automatic,Front,33.3333
18503,TOYOTA,Highlander,2014,Sedan,Automatic,Front,36
51225,TOYOTA,Land Cruiser Prado,2018,Sedan,Automatic,Front,33.3333
11604,TOYOTA,Prius C,2015,Goods wagon,Manual,Front,16.6667
21326,TOYOTA,Prius,2005,Sedan,Automatic,Front,33
12074,TOYOTA,Prius,2008,Sedan,Automatic,Front,33
13172,TOYOTA,Prius,2009,Sedan,Automatic,Front,33
26657,TOYOTA,Prius,2010,Sedan,Automatic,Front,33
16308,TOYOTA,Prius,2011,Hatchback,Automatic,Front,30
14113,TOYOTA,Prius,2012,Sedan,Automatic,Front,24.359
21953,TOYOTA,Prius,2013,Minivan,Manual,Front,23
22266,TOYOTA,Prius,2014,Jeep,Automatic,4x4,22
19444,TOYOTA,Prius,2015,Jeep,Automatic,4x4,36
21326,TOYOTA,Prius,2016,Jeep,Automatic,Front,35
21326,TOYOTA,Prius,2017,Jeep,Automatic,Front,22
13485,TOYOTA,RAV 4,2015,Jeep,Automatic,4x4,35
10349,TOYOTA,RAV 4,2016,Sedan,Automatic,Front,32
10976,TOYOTA,RAV 4,2018,Jeep,Automatic,Front,36
11604,TOYOTA,RAV 4,2019,Goods wagon,Manual,Front,18
12544,TOYOTA,Sienna,2017,Hatchback,Manual,Front,32
13799,VOLKSWAGEN,Jetta,2012,Sedan,Manual,Front,33
12231,AUDI,Q3,2016,Hatchback,Manual,Front,35
30107,AUDI,Q7,2017,Jeep,Automatic,4x4,28
12544,BMW,325,2000,Hatchback,Automatic,Front,32
21285,BMW,335,2007,Hatchback,Automatic,Front,24
10506,CHEVROLET,Aveo,2014,Sedan,Automatic,Front,39.7436
14009,CHEVROLET,Aveo,2015,Hatchback,Automatic,Front,36
40070,CHEVROLET,Aveo,2016,Hatchback,Automatic,Front,26
54048,CHEVROLET,Cruze LT,2017,Universal,Automatic,Front,42.3077
57030,CHEVROLET,Cruze,2017,Hatchback,Automatic,Front,46.1538
28532,CHEVROLET,Silverado,2018,Hatchback,Automatic,Front,34
15681,CHEVROLET,Spark,2016,Sedan,Automatic,Front,36
17000,CHEVROLET,Spark,2017,Sedan,Automatic,Front,42.3077
16621,DODGE,Caliber,2011,Sedan,Automatic,Front,46.1538
18817,FIAT,500,2013,Sedan,Automatic,Front,45
15524,FORD,Explorer,2016,Sedan,Automatic,Front,23
39201,FORD,Fiesta,2015,Sedan,Automatic,Front,42
12231,FORD,Fiesta,2016,Sedan,Manual,Front,47
14740,FORD,Fiesta,2017,Sedan,Manual,Front,44.8718
21639,FORD,Focus,2014,Sedan,Automatic,4x4,37
23521,FORD,Focus,2016,Jeep,Automatic,4x4,39
39201,FORD,Focus,2017,Sedan,Automatic,4x4,34
131716,FORD,Mustang,2015,Jeep,Automatic,4x4,34
17562,FORD,Transit,2006,Sedan,Automatic,Front,29
14113,FORD,Transit,2010,Sedan,Automatic,Front,33
11917,FORD,Transit,2012,Sedan,Automatic,Front,39
16935,HONDA,Civic,2014,Hatchback,Automatic,Front,17
14113,HONDA,Civic,2015,Hatchback,Automatic,Front,42
17249,HONDA,Civic,2016,Sedan,Automatic,Front,42.3077
14740,HONDA,Civic,2017,Hatchback,Automatic,Front,37
20698,HONDA,Civic,2018,Sedan,Automatic,Front,33
24148,HONDA,Civic,2019,Hatchback,Automatic,Front,37
22580,HONDA,FIT,2010,Sedan,Automatic,Front,32
22266,HONDA,FIT,2015,Hatchback,Automatic,Front,36
12544,HONDA,FIT,2016,Sedan,Automatic,Front,33
26657,HONDA,Insight,2009,Sedan,Automatic,Front,37
46414,HONDA,Insight,2013,Jeep,Manual,4x4,15
28225,HYUNDAI,Accent,2011,Jeep,Automatic,Front,22
54882,HYUNDAI,Accent,2012,Jeep,Automatic,4x4,33.3333
13328,HYUNDAI,Accent,2014,Sedan,Automatic,4x4,31
27911,HYUNDAI,Genesis,2009,Sedan,Automatic,Front,36
47042,HYUNDAI,Genesis,2010,Jeep,Automatic,4x4,38
11133,HYUNDAI,Genesis,2011,Sedan,Automatic,Front,35
12231,HYUNDAI,Genesis,2012,Sedan,Automatic,Front,38
16308,HYUNDAI,Genesis,2015,Jeep,Automatic,4x4,35
13328,HYUNDAI,Genesis,2016,Jeep,Automatic,4x4,30
10349,HYUNDAI,H1,2008,Hatchback,Manual,Rear,33.3333
26657,HYUNDAI,H1,2009,Sedan,Manual,Rear,31
17346,HYUNDAI,H1,2010,Hatchback,Automatic,Front,22
24273,HYUNDAI,H1,2011,Hatchback,Automatic,Front,35.8974
27174,HYUNDAI,H1,2012,Sedan,Automatic,Front,36
14583,HYUNDAI,H1,2013,Hatchback,Automatic,Front,32
18817,HYUNDAI,H1,2014,Hatchback,Automatic,Front,37
28539,HYUNDAI,H1,2015,Jeep,Automatic,Front,33
11604,HYUNDAI,H1,2016,Sedan,Automatic,Front,33.3333
13172,HYUNDAI,H1,2017,Sedan,Automatic,Front,30
10976,HYUNDAI,H1,2019,Universal,Automatic,Front,36
12858,HYUNDAI,Santa FE,2019,Coupe,Automatic,Front,39
11917,JEEP,Grand Cherokee,2013,Sedan,Manual,Front,37
79902,KIA,Picanto,2016,Jeep,Automatic,Front,30
16621,KIA,RIO,2013,Sedan,Automatic,Front,33
15677,KIA,RIO,2016,Sedan,Automatic,Front,37
15367,LEXUS,CT 200h,2011,Sedan,Automatic,Front,32
11604,LEXUS,CT 200h,2012,Hatchback,Automatic,Front,24
12544,LEXUS,CT 200h,2014,Sedan,Automatic,Front,32
14113,MERCEDES-BENZ,B 170,2007,Hatchback,Manual,Front,32
18189,MERCEDES-BENZ,CLS 550,2012,Hatchback,Manual,Front,31
19757,MERCEDES-BENZ,E 220,2007,Sedan,Automatic,Front,30
16308,MERCEDES-BENZ,GLA 250,2016,Sedan,Automatic,Front,33.3333
86142,MERCEDES-BENZ,Vito,2006,Cabriolet,Automatic,Front,31
10000,MERCEDES-BENZ,Vito,2007,Goods wagon,Manual,Front,37
19757,MERCEDES-BENZ,Vito,2009,Microbus,Manual,Rear,26.9231
15210,NISSAN,Juke,2014,Goods wagon,Manual,Front,36
25089,NISSAN,Versa,2012,Microbus,Manual,Rear,36
17249,OPEL,Zafira,2005,Microbus,Manual,Front,31
23834,RENAULT,Megane,2011,Microbus,Manual,Front,37
41538,SSANGYONG,Actyon,2010,Coupe,Automatic,Front,39
54157,SSANGYONG,Actyon,2011,Sedan,Automatic,Front,31
34889,SSANGYONG,Actyon,2016,Sedan,Automatic,Front,35
66482,SSANGYONG,Korando,2012,Coupe,Automatic,Front,32.0513
38213,SSANGYONG,Korando,2013,Sedan,Automatic,Front,35
74796,SSANGYONG,Korando,2015,Hatchback,Automatic,Front,30
14115,SUBARU,XV,2014,Hatchback,Automatic,Front,17
34102,SUBARU,XV,2015,Hatchback,Automatic,Front,35
22197,TOYOTA,Highlander,2008,Hatchback,Automatic,Front,32
10976,TOYOTA,Hilux,2012,Hatchback,Automatic,Front,32
12544,TOYOTA,Prius C,2013,Hatchback,Automatic,Front,32
12074,TOYOTA,Prius V,2012,Sedan,Automatic,Front,32
13877,TOYOTA,Prius V,2013,Sedan,Automatic,Front,33.3333
15624,TOYOTA,Prius V,2014,Sedan,Automatic,Front,35
15458,TOYOTA,Prius,2006,Coupe,Automatic,Front,32
16621,TOYOTA,Prius,2018,Coupe,Automatic,Front,29
15624,TOYOTA,Vitz,2006,Coupe,Automatic,Front,30.7692
17249,VOLKSWAGEN,Caddy,2004,Sedan,Automatic,Front,33
46207,AUDI,Q7,2013,Sedan,Automatic,Front,33
49143,BMW,328,2014,Coupe,Automatic,Front,35
13328,BMW,530,2004,Minivan,Automatic,Front,29
13642,BMW,535,2014,Minivan,Automatic,Front,29
14081,BMW,X5,2001,Minivan,Automatic,Front,31
22894,BMW,X5,2008,Minivan,Automatic,Front,33.3333
21395,BMW,X5,2011,Universal,Automatic,Front,35
22433,BMW,X5,2012,Minivan,Automatic,Front,32
34657,BMW,X5,2013,Minivan,Automatic,Front,29
30063,BMW,X5,2015,Universal,Automatic,Front,31
45734,BMW,X5,2017,Universal,Automatic,Front,33
43952,CHEVROLET,Captiva,2011,Universal,Automatic,Front,30.7692
80911,CHEVROLET,Cruze,2011,Minivan,Automatic,Front,31
131308,CHEVROLET,Cruze,2014,Jeep,Automatic,Front,30
47757,CHEVROLET,Lacetti,2009,Jeep,Automatic,Front,30
12858,CHEVROLET,Lacetti,2010,Hatchback,Manual,Front,29
12544,CHEVROLET,Malibu,2014,Sedan,Automatic,Front,31
18817,CHEVROLET,Malibu,2015,Hatchback,Manual,Front,27
28539,CHEVROLET,Orlando,2012,Hatchback,Automatic,Front,28
21326,CHEVROLET,Orlando,2015,Hatchback,Automatic,Front,27
10349,CHEVROLET,Orlando,2016,Hatchback,Automatic,Front,36
13485,CHEVROLET,Orlando,2017,Hatchback,Automatic,Front,24
56450,CHEVROLET,Orlando,2018,Coupe,Automatic,4x4,24.359
20698,FORD,C-MAX,2016,Universal,Automatic,Rear,24
39201,FORD,Escape,2009,Hatchback,Automatic,4x4,24
51746,FORD,Fusion,2009,Minivan,Manual,Rear,16
21012,FORD,Fusion,2010,Minivan,Manual,Rear,27
21500,FORD,Fusion,2011,Goods wagon,Manual,Rear,27
16621,FORD,Fusion,2012,Sedan,Automatic,Front,23
11290,FORD,Fusion,2013,Sedan,Automatic,Front,27
11917,FORD,Fusion,2015,Universal,Automatic,Front,24.359
17876,FORD,Fusion,2017,Universal,Manual,Front,23.0769
18826,FORD,Taurus,2014,Jeep,Automatic,Front,22
20883,HONDA,Cr-v,2002,Jeep,Automatic,Front,35
40340,HONDA,FIT,2011,Jeep,Automatic,Front,25
24415,HONDA,Fred,2019,Jeep,Automatic,Front,28
25591,HONDA,Insight,2014,Jeep,Automatic,Front,23
23533,HONDA,Odyssey,2006,Jeep,Automatic,Front,22
15681,HYUNDAI,Accent,2016,Sedan,Automatic,4x4,25
19444,HYUNDAI,Elantra,2007,Jeep,Automatic,4x4,26.9231
29793,HYUNDAI,Elantra,2008,Jeep,Automatic,4x4,24
54882,HYUNDAI,Elantra,2016,Pickup,Manual,4x4,21.7949
18817,HYUNDAI,Elantra,2018,Hatchback,Automatic,Front,22
17876,HYUNDAI,Grandeur,2012,Hatchback,Automatic,Front,19
14426,HYUNDAI,Grandeur,2014,Hatchback,Automatic,Front,21.7949
19444,HYUNDAI,Grandeur,2016,Sedan,Automatic,Front,22
10349,HYUNDAI,H1,2018,Hatchback,Automatic,Front,21.7949
13485,HYUNDAI,I30,2011,Sedan,Automatic,Front,21.7949
21330,HYUNDAI,I30,2014,Hatchback,Automatic,Front,28.2051
40769,HYUNDAI,Santa FE,2014,Hatchback,Automatic,Front,19
11604,HYUNDAI,Santa FE,2020,Sedan,Automatic,Front,28
12231,HYUNDAI,Sonata,2013,Universal,Manual,Front,28.2051
24775,HYUNDAI,Sonata,2014,Jeep,Automatic,4x4,25
18189,HYUNDAI,Sonata,2015,Sedan,Automatic,Rear,26
16308,HYUNDAI,Sonata,2016,Sedan,Automatic,Rear,25
13485,HYUNDAI,Sonata,2018,Sedan,Automatic,4x4,23
11447,HYUNDAI,Sonata,2020,Jeep,Automatic,4x4,25
40769,HYUNDAI,Tucson,2014,Jeep,Automatic,4x4,24.359
10036,HYUNDAI,Tucson,2017,Jeep,Automatic,4x4,30
12388,HYUNDAI,Tucson,2018,Jeep,Automatic,4x4,21
51746,HYUNDAI,Tucson,2019,Jeep,Automatic,4x4,24.359
15994,JAGUAR,XF,2010,Jeep,Automatic,4x4,21.7949
16935,JAGUAR,XF,2013,Jeep,Automatic,4x4,24.359
15800,JEEP,Grand Cherokee,2001,Jeep,Automatic,Front,23
12720,JEEP,Grand Cherokee,2011,Sedan,Automatic,Front,25
17923,JEEP,Grand Cherokee,2012,Sedan,Automatic,Front,24
10381,KIA,Cerato,2015,Sedan,Automatic,Front,21.7949
12570,KIA,Optima,2012,Sedan,Automatic,Front,24.359
26613,KIA,Optima,2013,Sedan,Automatic,Front,20
24302,KIA,Optima,2014,Sedan,Automatic,Front,32
16289,KIA,Optima,2016,Jeep,Automatic,Front,30.7692
16778,LEXUS,GX 470,2004,Jeep,Automatic,Front,35.8974
23994,LEXUS,HS 250h,2010,Jeep,Automatic,Front,30.7692
36197,LEXUS,LS 460,2010,Jeep,Automatic,Front,32.0513
47408,LINCOLN,Navigator,1998,Jeep,Automatic,Front,28
16465,MERCEDES-BENZ,C 230,2004,Hatchback,Automatic,Front,30.7692
20385,MERCEDES-BENZ,E 320,2003,Jeep,Automatic,Front,27
17249,MERCEDES-BENZ,E 350,2014,Sedan,Automatic,Front,28
14113,MERCEDES-BENZ,ML 320,1999,Sedan,Automatic,Front,27
15053,MERCEDES-BENZ,ML 350,2015,Sedan,Automatic,Front,41
25716,MITSUBISHI,Delica,2000,Sedan,Automatic,Front,24
22266,NISSAN,Presage,2004,Sedan,Automatic,Front,24
16935,NISSAN,X-Terra,2005,Sedan,Automatic,Front,24.359
18503,OPEL,Astra,2005,Sedan,Automatic,Front,24
15367,OPEL,Corsa,2008,Sedan,Automatic,4x4,24
13172,SSANGYONG,Actyon,2017,Jeep,Automatic,4x4,27
11917,SSANGYONG,Actyon,2018,Hatchback,Automatic,Front,27
21000,TOYOTA,Aqua s,2013,Minivan,Automatic,Front,23
18503,TOYOTA,Camry,2011,Hatchback,Automatic,Front,24
10976,TOYOTA,Camry,2012,Minivan,Automatic,Front,25
16891,TOYOTA,Camry,2014,Sedan,Automatic,Front,23.0769
12287,TOYOTA,Camry,2016,Sedan,Automatic,Front,22
10381,TOYOTA,Camry,2018,Sedan,Automatic,Front,32
28382,TOYOTA,Camry,2019,Sedan,Automatic,Front,33
36426,TOYOTA,CHR,2019,Sedan,Automatic,Front,33.3333
11917,TOYOTA,Corolla,2012,Sedan,Automatic,Front,31
14426,TOYOTA,Ipsum,2002,Sedan,Automatic,Front,30
23301,TOYOTA,Ipsum,2004,Sedan,Automatic,Front,32
68223,TOYOTA,Ist,2005,Universal,Automatic,Front,23.0769
11290,VOLKSWAGEN,Jetta,2013,Hatchback,Automatic,Front,35.8974
18211,VOLKSWAGEN,Jetta,2014,Hatchback,Automatic,Front,29
36065,ACURA,MDX,2012,Jeep,Automatic,Front,26
96915,ACURA,RDX,2014,Jeep,Automatic,Front,27
12777,ACURA,TLX,2015,Sedan,Automatic,Front,23.0769
11604,ALFA ROMEO,159,2005,Sedan,Automatic,Front,24
13485,AUDI,100,2016,Sedan,Automatic,Front,25
11290,AUDI,A3 4X4,2018,Sedan,Automatic,Front,23
73620,AUDI,A3,2011,Sedan,Automatic,Front,22
66485,AUDI,A4 premium,2010,Sedan,Automatic,Front,21.7949
30063,AUDI,A4,2006,Jeep,Automatic,Front,18
54518,AUDI,A4,2007,Jeep,Automatic,Front,19
55823,AUDI,A4,2010,Jeep,Automatic,Front,28
59865,AUDI,A4,2011,Jeep,Automatic,Front,23.0769
49143,AUDI,A4,2013,Sedan,Automatic,Front,23
50297,AUDI,A6 UNIVERSAL,2005,Sedan,Automatic,Front,24
11604,AUDI,A6,2011,Jeep,Automatic,4x4,23.0769
43134,AUDI,A6,2014,Jeep,Automatic,Front,22
50008,AUDI,A6,2017,Jeep,Automatic,Front,21.7949
20918,AUDI,A7 Prestige,2016,Sedan,Automatic,Front,21.7949
15681,AUDI,A7,2013,Sedan,Automatic,Front,19
17719,AUDI,A7,2014,Sedan,Automatic,Front,28
11133,AUDI,A8,2012,Sedan,Automatic,Front,26
20228,AUDI,A8,2014,Sedan,Automatic,Front,27
36065,AUDI,Allroad,2001,Jeep,Automatic,4x4,28
27284,AUDI,Q5,2010,Sedan,Automatic,Front,24
26425,AUDI,Q5,2013,Sedan,Automatic,Front,24.359
14740,AUDI,Q5,2014,Jeep,Automatic,4x4,23
12544,AUDI,Q5,2016,Sedan,Automatic,Rear,24.359
15053,AUDI,Q5,2017,Sedan,Automatic,Rear,22
14583,AUDI,Q7,2012,Sedan,Automatic,4x4,22
30734,AUDI,Q7,2014,Sedan,Automatic,4x4,26
32302,AUDI,Q7,2018,Sedan,Automatic,4x4,28
10976,AUDI,S3,2016,Jeep,Automatic,4x4,22
22894,AUDI,TT,2000,Jeep,Automatic,4x4,22
12544,BENTLEY,Mulsanne,2016,Minivan,Automatic,4x4,21
10000,BMW,114,2018,Minivan,Automatic,4x4,21
15367,BMW,"118 2,0",2008,Jeep,Manual,4x4,19
10976,BMW,118 M-sport LCI,2008,Jeep,Automatic,4x4,18
12544,BMW,118,2010,Hatchback,Manual,Front,21
10349,BMW,128 M tech,2013,Hatchback,Manual,Front,21
12858,BMW,130,2009,Minivan,Manual,Front,24.359
39161,BMW,318,2005,Jeep,Automatic,Front,18
41281,BMW,318,2006,Jeep,Automatic,Front,29
15681,BMW,320 DIESEL,2002,Hatchback,Automatic,Front,29
15681,BMW,320,2001,Sedan,Automatic,Front,26.9231
21953,BMW,320,2003,Sedan,Automatic,Front,28
23521,BMW,320,2005,Sedan,Automatic,Front,23.0769
24462,BMW,320,2014,Sedan,Automatic,Front,21.7949
25716,BMW,325,2001,Sedan,Automatic,Front,23
31361,BMW,325,2003,Sedan,Automatic,Front,23
18817,BMW,325,2004,Sedan,Automatic,Front,33
65858,BMW,328 sulev,2016,Sedan,Automatic,Front,20
17876,BMW,328,1997,Jeep,Automatic,Front,22
18189,BMW,328,2008,Sedan,Automatic,Front,20
10349,BMW,328,2011,Minivan,Automatic,Front,33
10349,BMW,328,2012,Minivan,Automatic,Front,28.2051
10349,BMW,328,2013,Hatchback,Automatic,Front,30.7692
16308,BMW,328,2016,Jeep,Automatic,4x4,27
13485,BMW,330,2002,Sedan,Automatic,Front,23
22894,BMW,330,2003,Sedan,Manual,Front,33
18189,BMW,330,2004,Sedan,Automatic,Front,24
11760,BMW,335 335i,2008,Jeep,Automatic,4x4,25
39201,BMW,335,2008,Jeep,Automatic,4x4,23
10349,BMW,335,2012,Sedan,Automatic,4x4,22
12544,BMW,335,2013,Sedan,Manual,Front,21.7949
25089,BMW,428 Sport Line,2013,Jeep,Automatic,4x4,19
21950,BMW,428,2014,Sedan,Automatic,4x4,28
19444,BMW,428,2016,Hatchback,Manual,Front,23.0769
19130,BMW,428,2017,Sedan,Automatic,4x4,23
11000,BMW,520 d xDrive Luxury,2017,Sedan,Automatic,4x4,36
15681,BMW,525 525,2001,Sedan,Manual,4x4,24
10349,BMW,525,2003,Sedan,Manual,4x4,23
15681,BMW,525,2004,Sedan,Manual,4x4,21.7949
18817,BMW,525,2005,Sedan,Manual,4x4,21.7949
21012,BMW,528,1992,Sedan,Automatic,4x4,19
27284,BMW,528,2011,Sedan,Automatic,Front,28
15994,BMW,528,2012,Sedan,Automatic,Front,27
17249,BMW,528,2013,Sedan,Automatic,Front,26
18817,BMW,528,2014,Sedan,Automatic,4x4,27
13172,BMW,528,2015,Sedan,Automatic,4x4,53
100355,BMW,530 525i,2006,Sedan,Automatic,4x4,32
11133,BMW,530 GT,2009,Hatchback,Automatic,4x4,26
11290,BMW,530 GT,2010,Hatchback,Automatic,4x4,24
33870,BMW,530,2003,Sedan,Automatic,4x4,26
37633,BMW,530,2018,Sedan,Automatic,4x4,28
11290,BMW,535 Diesel,2015,Jeep,Manual,4x4,28
20385,BMW,535,2011,Jeep,Automatic,Front,26
24148,BMW,535,2012,Jeep,Automatic,4x4,26
20698,BMW,535,2013,Jeep,Automatic,4x4,24.359
29166,BMW,540 I,1995,Jeep,Automatic,4x4,28
11760,BMW,550,2011,Sedan,Automatic,4x4,21.7949
47042,BMW,550,2014,Jeep,Automatic,4x4,32
47042,BMW,640,2012,Jeep,Automatic,4x4,22
48296,BMW,650,2015,Jeep,Automatic,4x4,23
10663,BMW,730 3.0,2002,Jeep,Automatic,4x4,27
37947,BMW,750,2006,Jeep,Automatic,4x4,29
14113,BMW,750,2010,Sedan,Automatic,4x4,27
11604,BMW,i3,2014,Coupe,Manual,4x4,27
175622,BMW,M3,2002,Sedan,Automatic,Rear,23.0769
10192,BMW,M3,2006,Sedan,Automatic,4x4,24
20228,BMW,M3,2010,Hatchback,Manual,Rear,27
21639,BMW,M3,2018,Hatchback,Manual,Rear,24
18817,BMW,M4,2016,Sedan,Manual,Front,31
22423,BMW,M5 Japan,2006,Cabriolet,Manual,Front,22
13485,BMW,M5,2004,Coupe,Automatic,Rear,22
10976,BMW,M5,2010,Coupe,Manual,Rear,24
13485,BMW,M6 Gran cupe,2014,Sedan,Manual,Rear,18
10036,BMW,M6,2014,Sedan,Manual,Rear,21.7949
12544,BMW,X1,2010,Sedan,Automatic,Front,21.7949
10036,BMW,X1,2013,Coupe,Automatic,Rear,22
10663,BMW,X1,2017,Coupe,Manual,Rear,22
11604,BMW,X1,2018,Sedan,Automatic,Rear,30.7692
17249,BMW,X3 3.5i,2012,Sedan,Automatic,Rear,17
17249,BMW,X3,2005,Sedan,Manual,Rear,32.0513
18817,BMW,X4,2015,Sedan,Automatic,Rear,28
10976,BMW,X5 3.0i,2003,Sedan,Manual,Rear,27
10663,BMW,X5 e53,2004,Sedan,Automatic,Rear,21
10192,BMW,X5 M,2015,Coupe,Manual,Rear,24
42337,BMW,X5 XDRIVE 35D,2012,Sedan,Automatic,Rear,23
10976,BMW,X5 XDRIVE,2010,Coupe,Manual,Rear,20
13485,BMW,X5,2002,Coupe,Automatic,Rear,19
14426,BMW,X5,2004,Sedan,Automatic,Rear,23
18189,BMW,X5,2005,Coupe,Automatic,4x4,18
21326,BMW,X5,2007,Sedan,Automatic,Front,19
18189,BMW,X5,2009,Sedan,Automatic,Rear,27
29793,BMW,X5,2014,Coupe,Automatic,Rear,23.0769
36692,BMW,X5,2016,Sedan,Manual,Rear,24
36065,BMW,X6,2011,Sedan,Automatic,Rear,27
14113,BMW,X6,2014,Cabriolet,Manual,Rear,24
11917,BMW,Z4,2003,Sedan,Manual,Rear,27
13485,BUICK,Enclave,2019,Sedan,Automatic,Rear,29
16465,BUICK,Encore,2015,Sedan,Manual,Rear,27
25089,BUICK,Encore,2016,Coupe,Automatic,Rear,25
23521,BUICK,Encore,2017,Sedan,Automatic,Rear,21
37633,CADILLAC,Allante,2019,Sedan,Automatic,Rear,26
32929,CADILLAC,ATS,2015,Coupe,Automatic,Rear,27
56450,CADILLAC,CTS,2016,Coupe,Automatic,Rear,24
20071,CADILLAC,DTS,2008,Cabriolet,Automatic,Rear,22
26343,CADILLAC,Escalade,2012,Coupe,Automatic,Rear,22
28000,CHEVROLET,1500,2012,Sedan,Automatic,Front,21.7949
11290,CHEVROLET,Aveo,2009,Sedan,Automatic,Rear,22
13485,CHEVROLET,Aveo,2011,Sedan,Manual,Rear,23
10349,CHEVROLET,Aveo,2012,Sedan,Automatic,Rear,18
11200,CHEVROLET,Aveo,2013,Sedan,Automatic,Rear,22
17249,CHEVROLET,Aveo,2017,Sedan,Manual,Rear,19
30420,CHEVROLET,Camaro LS,2013,Sedan,Automatic,4x4,19.2308
37633,CHEVROLET,Camaro RS,2010,Sedan,Automatic,Rear,30
23700,CHEVROLET,Camaro,2011,Sedan,Automatic,4x4,30.7692
42337,CHEVROLET,Camaro,2013,Sedan,Automatic,Rear,25
26657,CHEVROLET,Camaro,2014,Sedan,Automatic,4x4,23
18817,CHEVROLET,Camaro,2015,Sedan,Automatic,Rear,22
30800,CHEVROLET,Camaro,2016,Hatchback,Automatic,Rear,26
43905,CHEVROLET,Camaro,2017,Hatchback,Automatic,4x4,21
14113,CHEVROLET,Captiva,2007,Sedan,Manual,Rear,19
14113,CHEVROLET,Captiva,2010,Sedan,Manual,Rear,25
24462,CHEVROLET,Captiva,2012,Sedan,Automatic,Rear,22
61154,CHEVROLET,Captiva,2013,Sedan,Automatic,Rear,22
17249,CHEVROLET,Captiva,2014,Sedan,Automatic,Rear,25
30420,CHEVROLET,Captiva,2015,Sedan,Manual,Rear,25
39201,CHEVROLET,Captiva,2016,Sedan,Automatic,Rear,27
12701,CHEVROLET,Captiva,2018,Sedan,Automatic,Rear,28
15524,CHEVROLET,Colorado,2020,Sedan,Automatic,Rear,28
47042,CHEVROLET,Cruze LS,2018,Sedan,Manual,Rear,28
12858,CHEVROLET,Cruze LT,2016,Hatchback,Automatic,Rear,26.9231
20385,CHEVROLET,Cruze LT,2018,Sedan,Automatic,4x4,24.359
26657,CHEVROLET,Cruze ltz,2013,Sedan,Automatic,Rear,27
50178,CHEVROLET,Cruze Premier,2016,Coupe,Automatic,Rear,29
30734,CHEVROLET,Cruze RS,2011,Coupe,Automatic,Rear,32.0513
11604,CHEVROLET,Cruze sonic,2012,Sedan,Automatic,Rear,22
12231,CHEVROLET,Cruze strocna,2014,Sedan,Automatic,Rear,30
37633,CHEVROLET,Cruze,2009,Sedan,Automatic,4x4,30
37633,CHEVROLET,Cruze,2018,Sedan,Automatic,Rear,26
12231,CHEVROLET,Cruze,2019,Hatchback,Automatic,Rear,37
19800,CHEVROLET,Equinox LT,2017,Coupe,Manual,Rear,24
10976,CHEVROLET,Equinox LT,2019,Hatchback,Manual,Rear,29
48000,CHEVROLET,Equinox,2019,Coupe,Manual,Rear,30
153669,CHEVROLET,Impala,1973,Sedan,Manual,Rear,33
44533,CHEVROLET,Impala,2012,Coupe,Automatic,Rear,39
45473,CHEVROLET,Impala,2016,Sedan,Manual,Rear,31
10976,CHEVROLET,Impala,2017,Coupe,Manual,Rear,30
47042,CHEVROLET,Lacetti,2011,Sedan,Manual,Rear,33
163077,CHEVROLET,Malibu Hybrid,2017,Sedan,Automatic,Rear,39
32302,CHEVROLET,Malibu LT,2016,Sedan,Automatic,Rear,31
25089,CHEVROLET,Malibu LT,2017,Hatchback,Manual,Rear,49
28852,CHEVROLET,Malibu,2010,Jeep,Automatic,4x4,30
58018,CHEVROLET,Malibu,2011,Sedan,Automatic,4x4,21.7949
28852,CHEVROLET,Malibu,2012,Jeep,Automatic,4x4,30
40769,CHEVROLET,Malibu,2013,Jeep,Automatic,4x4,26.9231
14113,CHEVROLET,Malibu,2016,Jeep,Automatic,4x4,28
19444,CHEVROLET,Malibu,2017,Jeep,Automatic,4x4,28
16621,CHEVROLET,Malibu,2019,Universal,Automatic,4x4,30
14740,CHEVROLET,Malibu,2020,Jeep,Automatic,4x4,29
156805,CHEVROLET,Niva,2010,Jeep,Automatic,4x4,29
43435,CHEVROLET,Orlando,2013,Jeep,Automatic,4x4,35
36065,CHEVROLET,Orlando,2014,Jeep,Automatic,4x4,31
14426,CHEVROLET,Sonic,2012,Jeep,Automatic,4x4,34
12231,CHEVROLET,Sonic,2013,Jeep,Manual,4x4,25
10036,CHEVROLET,Spark,2013,Sedan,Automatic,4x4,30
16935,CHEVROLET,Spark,2014,Universal,Automatic,4x4,30
17249,CHEVROLET,Spark,2015,Jeep,Automatic,4x4,26.9231
15681,CHEVROLET,Spark,2018,Jeep,Automatic,Rear,26
24775,CHEVROLET,Suburban,2019,Jeep,Manual,4x4,27
29793,CHEVROLET,Traverse,2010,Jeep,Automatic,4x4,31
24148,CHEVROLET,Traverse,2016,Jeep,Automatic,Rear,35
29793,CHEVROLET,Trax,2015,Jeep,Automatic,4x4,27
24000,CHEVROLET,Trax,2018,Jeep,Automatic,4x4,29
43278,CHEVROLET,Volt premier,2012,Jeep,Automatic,4x4,32.0513
10349,CHEVROLET,Volt PREMIER,2013,Jeep,Automatic,4x4,33
27284,CHEVROLET,Volt,2010,Jeep,Automatic,4x4,39
25716,CHEVROLET,Volt,2015,Jeep,Automatic,4x4,31
54255,CHEVROLET,Volt,2016,Jeep,Automatic,Rear,30
78403,CHEVROLET,Volt,2017,Jeep,Automatic,Rear,37
17876,CHEVROLET,Volt,2018,Jeep,Automatic,4x4,33
15053,CHRYSLER,200,2015,Cabriolet,Manual,Rear,33
10192,CHRYSLER,300,2004,Sedan,Automatic,4x4,31
20385,CHRYSLER,300,2010,Jeep,Automatic,Front,34
31361,CHRYSLER,Crossfire,2005,Jeep,Automatic,Front,29
23521,CITROEN,C1,2011,Jeep,Automatic,Front,32.0513
19130,CITROEN,C4,2007,Sedan,Automatic,4x4,26.9231
42337,CITROEN,C8,2012,Coupe,Automatic,Rear,21
12544,CITROEN,DS 4,2011,Sedan,Automatic,Rear,22
21639,DAEWOO,Lacetti,2010,Sedan,Automatic,Front,20
19444,DAEWOO,Lacetti,2011,Jeep,Automatic,Rear,27
12544,DAIHATSU,Terios,2008,Sedan,Automatic,Front,27
10349,DODGE,Avenger,2019,Sedan,Automatic,Front,29
10697,DODGE,Caliber journey,2010,Sedan,Automatic,Front,23
13297,DODGE,Caravan,2006,Hatchback,Automatic,Front,23
11704,DODGE,Challenger,2010,Hatchback,Automatic,Front,28
29777,DODGE,Challenger,2013,Sedan,Automatic,Front,28
23521,DODGE,Challenger,2016,Coupe,Manual,Rear,21
35438,DODGE,Challenger,2017,Coupe,Manual,Rear,28.2051
47042,DODGE,Charger RT,2006,Sedan,Automatic,Rear,25
29793,DODGE,Dart GT 2.4,2015,Coupe,Manual,Rear,25
57526,DODGE,Dart Limited,2013,Cabriolet,Automatic,Front,26
30577,DODGE,Durango,2004,Sedan,Automatic,Front,21.7949
48277,DODGE,RAM 1500,2000,Cabriolet,Automatic,Front,27
83251,DODGE,Ramcharger,2016,Cabriolet,Automatic,Front,23.0769
12231,DODGE,Ramcharger,2019,Coupe,Automatic,Rear,26
106627,FERRARI,456,2011,Coupe,Manual,Rear,20
13485,FERRARI,F50,2017,Pickup,Automatic,Front,25
19444,FIAT,500 Abarth áƒ¢áƒ£áƒ áƒ‘áƒ,2012,Jeep,Manual,4x4,23
11917,FIAT,500 Abarth,2015,Jeep,Automatic,Front,22
25299,FIAT,500 s,2012,Jeep,Automatic,Front,20
32104,FIAT,500 sport panorama,2015,Jeep,Automatic,Front,22
28789,FIAT,500 sport,2011,Jeep,Automatic,Front,25
25089,FIAT,500 Sport,2012,Jeep,Automatic,4x4,28
23436,FIAT,500 Sport,2015,Jeep,Automatic,Front,31
38445,FIAT,500 turbo,2012,Jeep,Automatic,Front,34
52034,FIAT,500,2011,Jeep,Automatic,Front,31
93079,FIAT,500,2016,Pickup,Automatic,Front,34
16621,FIAT,500C Lounge,2013,Sedan,Automatic,Front,27
15524,FIAT,500C,2014,Sedan,Automatic,Front,27
19130,FIAT,500L LONG,2012,Sedan,Automatic,Front,20
23521,FIAT,500L,2014,Sedan,Automatic,Front,21
13485,FIAT,Punto,2007,Sedan,Automatic,Rear,30
13485,FORD,C-MAX C-MAX,2013,Sedan,Automatic,Front,22
13172,FORD,C-MAX HYBRID,2013,Sedan,Automatic,Front,27
12544,FORD,C-MAX PREMIUM,2012,Sedan,Automatic,Front,23
14113,FORD,C-MAX PREMIUM,2013,Sedan,Automatic,Front,22
12858,FORD,C-MAX SE,2012,Sedan,Manual,Front,23.0769
13172,FORD,C-MAX SEL,2012,Sedan,Automatic,Rear,15
12544,FORD,C-MAX SEL,2013,Sedan,Manual,Front,20
11917,FORD,C-MAX,2012,Sedan,Automatic,Rear,19
11290,FORD,C-MAX,2017,Sedan,Automatic,Rear,23
17249,FORD,Courier,2015,Sedan,Manual,Front,24
15681,FORD,EcoSport SE,2017,Sedan,Automatic,Rear,23
15681,FORD,EcoSport,2018,Sedan,Automatic,Rear,24
23834,FORD,Edge,2011,Sedan,Manual,Front,37
21169,FORD,Escape 3.0,2010,Sedan,Automatic,Front,29
17562,FORD,Escape escape,2009,Hatchback,Automatic,Front,25
26657,FORD,Escape HYBRID,2008,Jeep,Automatic,Front,28
22580,FORD,Escape Hybrid,2009,Jeep,Automatic,4x4,23
10349,FORD,Escape SE,2015,Sedan,Automatic,Front,28
15681,FORD,Escape SE,2017,Limousine,Automatic,Rear,30
13172,FORD,Escape,2008,Sedan,Automatic,Front,37
49058,FORD,Escape,2010,Sedan,Automatic,Front,33
45445,FORD,Escape,2012,Sedan,Automatic,Front,28.2051
15681,FORD,Escape,2013,Sedan,Automatic,Front,37
11099,FORD,Escape,2014,Sedan,Automatic,Front,37
23364,FORD,Escape,2015,Sedan,Automatic,Front,31
18346,FORD,Escape,2016,Sedan,Automatic,Front,33
19601,FORD,Escape,2019,Sedan,Automatic,Front,33
12074,FORD,Expedition,2000,Sedan,Automatic,Front,34
17923,FORD,Expedition,2017,Sedan,Automatic,Front,33
21699,FORD,Explorer Turbo japan,2012,Sedan,Automatic,Front,31
20278,FORD,Explorer XLT,2006,Sedan,Automatic,Front,33.3333
34419,FORD,Explorer,2011,Sedan,Automatic,Front,36
45210,FORD,Explorer,2013,Sedan,Automatic,Front,34
63826,FORD,Explorer,2014,Sedan,Automatic,Front,27
10663,FORD,Explorer,2015,Sedan,Automatic,Front,19
13570,FORD,Explorer,2017,Jeep,Manual,4x4,24.359
17942,FORD,Explorer,2018,Jeep,Automatic,Front,28
28059,FORD,F150,2012,Jeep,Automatic,Front,20
12544,FORD,F150,2014,Hatchback,Manual,Front,23
12544,FORD,F150,2016,Hatchback,Manual,Front,30
12544,FORD,F150,2017,Hatchback,Automatic,Front,32
10697,FORD,F150,2019,Hatchback,Automatic,Front,20
12134,FORD,Fiesta 1.6,2014,Hatchback,Automatic,Front,32
13642,FORD,Fiesta,2010,Sedan,Automatic,Front,18
13322,FORD,Fiesta,2011,Hatchback,Automatic,Front,18
28225,FORD,Fiesta,2012,Sedan,Automatic,Front,21.7949
15681,FORD,Fiesta,2018,Jeep,Automatic,4x4,19.2308
10506,FORD,Focus Flexfuel,2015,Jeep,Automatic,4x4,32
13015,FORD,Focus SE,2013,Jeep,Automatic,4x4,14
15367,FORD,Focus SE,2014,Jeep,Automatic,4x4,15
21639,FORD,Focus SE,2015,Sedan,Automatic,Front,30
26971,FORD,Focus se,2018,Sedan,Automatic,Front,30.7692
21953,FORD,Focus SEL,2011,Hatchback,Automatic,Front,38
27911,FORD,Focus ST,2014,Hatchback,Automatic,Front,32
43592,FORD,Focus TITANIUM,2012,Hatchback,Automatic,Front,32
26030,FORD,Focus,2011,Hatchback,Automatic,Front,31
18817,FORD,Focus,2012,Sedan,Automatic,Front,30
20385,FORD,Fusion Bybrid,2013,Sedan,Automatic,Front,30.7692
29793,FORD,Fusion HIBRID,2010,Limousine,Automatic,Front,28
23521,FORD,Fusion HYBRID SE,2014,Sedan,Automatic,Rear,23
13799,FORD,Fusion phev,2013,Cabriolet,Automatic,Rear,23.0769
14740,FORD,Fusion SE,2013,Hatchback,Manual,Front,31
12544,FORD,Fusion SE,2014,Hatchback,Manual,Front,20
23834,FORD,Fusion SE,2017,Jeep,Automatic,4x4,46
19757,FORD,Fusion SE,2018,Hatchback,Automatic,Front,53
10192,FORD,Fusion Titanium,2014,Sedan,Automatic,Front,42.3077
11563,FORD,Fusion TITANIUM,2015,Sedan,Automatic,Front,45
10349,FORD,Fusion,2018,Jeep,Manual,4x4,39
12074,FORD,Mustang cabrio,2014,Sedan,Automatic,Front,26.9231
16480,FORD,Mustang,1965,Jeep,Automatic,Front,35
14740,FORD,Mustang,2005,Hatchback,Automatic,4x4,36
13485,FORD,Mustang,2008,Minivan,Automatic,Front,35
14000,FORD,Mustang,2010,Coupe,Manual,4x4,38
23521,FORD,Mustang,2011,Coupe,Manual,Rear,31
22266,FORD,Mustang,2012,Coupe,Automatic,Rear,32
11604,FORD,Mustang,2013,Sedan,Automatic,Rear,30.7692
18189,FORD,Mustang,2014,Sedan,Automatic,Rear,26
18189,FORD,Mustang,2016,Sedan,Automatic,Front,22
16308,FORD,Mustang,2018,Sedan,Manual,Front,30
10976,FORD,Ranger Wildtrak,2019,Jeep,Automatic,4x4,32
28225,FORD,S-max,2007,Jeep,Automatic,4x4,29
11760,FORD,Taurus interceptor,2014,Sedan,Automatic,Rear,32.0513
16935,FORD,Taurus X,2007,Sedan,Automatic,Rear,33
101923,FORD,Taurus,2010,Coupe,Automatic,Rear,45
31988,FORD,Taurus,2011,Coupe,Automatic,Rear,35
17562,FORD,Taurus,2012,Sedan,Manual,Front,38
25089,FORD,Taurus,2013,Hatchback,Manual,Front,37
10506,FORD,Taurus,2015,Hatchback,Manual,Front,33
15053,FORD,Taurus,2016,Coupe,Automatic,Front,37
13956,FORD,Taurus,2017,Hatchback,Automatic,Front,40
12855,FORD,Tourneo Connect,2010,Coupe,Automatic,Front,35.8974
12544,FORD,Tourneo Connect,2012,Coupe,Manual,Front,35.8974
11133,FORD,Transit 100LD,1998,Hatchback,Manual,Front,33
15681,FORD,Transit 135,2003,Hatchback,Manual,Front,36
11604,FORD,Transit 2.4,2001,Coupe,Manual,Front,28
11917,FORD,Transit 2.4,2006,Hatchback,Automatic,Front,37
15367,FORD,Transit 350T,2007,Coupe,Manual,Front,32.0513
17249,FORD,Transit Connect,2004,Coupe,Automatic,Front,30
13172,FORD,Transit Connect,2008,Cabriolet,Automatic,Front,29
25089,FORD,Transit Connect,2010,Hatchback,Manual,Front,32
10036,FORD,Transit Connect,2011,Coupe,Automatic,Front,27
18503,FORD,Transit Connect,2014,Hatchback,Automatic,Front,24
10976,FORD,Transit Custom,2015,Hatchback,Automatic,Front,24
21012,FORD,Transit ford,2010,Sedan,Automatic,Front,32.0513
21639,FORD,Transit S,2004,Hatchback,Automatic,Front,33
13956,FORD,Transit T330,2004,Hatchback,Automatic,Front,34
15837,FORD,Transit Tourneo,2012,Hatchback,Automatic,Front,41
14269,FORD,Transit,2009,Hatchback,Automatic,Front,44
18503,FORD,Transit,2013,Hatchback,Automatic,Front,30
16151,FORD,Transit,2014,Hatchback,Automatic,Front,31
17876,FORD,Transit,2016,Hatchback,Automatic,Front,30
14113,GAZ,20,1953,Sedan,Automatic,Front,30
22580,GAZ,32214,1977,Hatchback,Automatic,Rear,39.7436
16621,GMC,TERRAIN,2019,Sedan,Automatic,Front,40
27284,GMC,Yukon,2019,Sedan,Automatic,Front,40
34497,GREATWALL,C30,2014,Universal,Manual,Front,31
24932,HAVAL,H6,2015,Jeep,Automatic,4x4,31
18033,HONDA,Accord,2018,Jeep,Automatic,4x4,39
25089,HONDA,Civic EX,2015,Jeep,Automatic,Front,37
17249,HONDA,Civic Hybrid,2014,Jeep,Automatic,4x4,38
21012,HONDA,Civic,2007,Jeep,Automatic,4x4,41.0256
10036,HONDA,Civic,2009,Jeep,Automatic,4x4,35.8974
14113,HONDA,Civic,2011,Jeep,Automatic,Front,36
19287,HONDA,Civic,2012,Jeep,Automatic,4x4,23
21796,HONDA,Crossroad,2007,Jeep,Automatic,4x4,26
21953,HONDA,Crosstour,2010,Jeep,Automatic,4x4,36
10663,HONDA,Cr-v LX,2006,Jeep,Automatic,Front,36
17562,HONDA,Cr-v,2004,Jeep,Automatic,4x4,33
22894,HONDA,Cr-v,2005,Jeep,Automatic,Rear,31
17876,HONDA,Cr-v,2006,Jeep,Automatic,4x4,33.3333
19444,HONDA,Cr-v,2007,Jeep,Automatic,4x4,42
17249,HONDA,Cr-v,2011,Jeep,Automatic,Front,46
25716,HONDA,Cr-v,2012,Jeep,Automatic,4x4,35.8974
14426,HONDA,Cr-v,2014,Jeep,Automatic,4x4,36
17876,HONDA,Cr-v,2015,Jeep,Automatic,4x4,51
11917,HONDA,Cr-v,2016,Jeep,Automatic,4x4,64
20385,HONDA,Cr-v,2018,Jeep,Automatic,Front,36
15053,HONDA,CR-Z,2010,Jeep,Automatic,4x4,44.8718
30417,HONDA,CR-Z,2011,Jeep,Automatic,Front,23
28852,HONDA,CR-Z,2013,Jeep,Automatic,Front,48.7179
21953,HONDA,Edix FR-v,2006,Jeep,Automatic,4x4,38
19601,HONDA,Element,2009,Jeep,Automatic,Front,39.7436
13015,HONDA,Elysion,2004,Sedan,Automatic,Front,30
15681,HONDA,Elysion,2005,Jeep,Automatic,4x4,30.7692
11917,HONDA,Elysion,2007,Jeep,Automatic,Rear,41.0256
42965,HONDA,Elysion,2010,Jeep,Automatic,Front,50
14113,HONDA,FIT GP-5,2014,Jeep,Automatic,4x4,42.3077
45436,HONDA,FIT GP-6,2014,Jeep,Automatic,Front,42.3077
43360,HONDA,FIT Hbrid,2012,Jeep,Automatic,Front,31
62057,HONDA,FIT HYBRYD,2011,Jeep,Automatic,Front,28
48566,HONDA,FIT LX,2019,Jeep,Automatic,Front,31
85553,HONDA,FIT Modulo,2011,Jeep,Automatic,Front,31
118519,HONDA,FIT RS,2008,Jeep,Automatic,Front,41.0256
79782,HONDA,FIT S,2010,Sedan,Automatic,Front,50
107841,HONDA,FIT Sport,2009,Sedan,Automatic,Front,42.3077
132971,HONDA,FIT SPORT,2010,Sedan,Automatic,Front,42.3077
119009,HONDA,FIT,2005,Sedan,Automatic,Front,39
14583,HONDA,FIT,2008,Pickup,Automatic,Rear,41
10506,HONDA,FIT,2009,Sedan,Automatic,Front,26
13799,HONDA,FIT,2020,Hatchback,Automatic,Front,27
10500,HONDA,Fred,2012,Sedan,Automatic,Front,30
12544,HONDA,Fred,2018,Hatchback,Automatic,Front,35
12231,HONDA,Hr-v EX,2015,Hatchback,Automatic,Front,32
12858,HONDA,Hr-v EX,2017,Hatchback,Manual,Front,32
13485,HONDA,Hr-v EXL,2015,Hatchback,Automatic,Front,36
25089,HONDA,Insight EX,2010,Sedan,Manual,Front,38
15681,HONDA,Insight,2011,Sedan,Manual,Front,37
19130,HONDA,Integra,2005,Hatchback,Automatic,Front,43
16308,HONDA,Odyssey,2010,Sedan,Automatic,Front,55
14740,HONDA,Odyssey,2016,Hatchback,Manual,Front,28
14740,HONDA,Odyssey,2019,Hatchback,Automatic,Front,37
12858,HONDA,Pilot,2010,Sedan,Automatic,Front,38
15524,HONDA,Ridgeline,2009,Sedan,Automatic,Front,32.0513
13328,HONDA,Shuttle,2013,Sedan,Automatic,Front,32
17405,HONDA,Shuttle,2015,Hatchback,Manual,Front,40
16935,HONDA,Shuttle,2019,Hatchback,Automatic,Front,42.3077
14021,HONDA,Step Wagon RG2 SPADA,2009,Hatchback,Automatic,Front,33
11604,HONDA,Step Wagon,2000,Sedan,Automatic,Front,33.3333
13799,HONDA,Step Wagon,2011,Sedan,Automatic,4x4,50
18817,HONDA,Stream,2006,Sedan,Automatic,Front,63
20500,HUMMER,H2,2003,Sedan,Automatic,Front,35
17876,HUMMER,H2,2004,Sedan,Automatic,Front,74.7877
13799,HUMMER,H3,2006,Sedan,Automatic,Front,46
24775,HUMMER,H3,2008,Sedan,Automatic,Front,59
19444,HYUNDAI,Accent GS,2015,Sedan,Automatic,Front,58
17876,HYUNDAI,Accent SE,2016,Sedan,Automatic,Front,51
21326,HYUNDAI,Accent SE,2017,Sedan,Automatic,Front,42.3077
24462,HYUNDAI,Accent,2013,Sedan,Automatic,Front,45
20385,HYUNDAI,Accent,2019,Sedan,Automatic,Front,72
19757,HYUNDAI,Azera,2012,Sedan,Automatic,Front,65
14113,HYUNDAI,Azera,2014,Sedan,Automatic,4x4,36
18503,HYUNDAI,Elantra GT,2012,Sedan,Automatic,Rear,35
18817,HYUNDAI,Elantra gt,2013,Sedan,Automatic,4x4,33
18817,HYUNDAI,Elantra GT,2014,Sedan,Automatic,Front,37
17249,HYUNDAI,Elantra GT,2015,Sedan,Automatic,Front,35
10192,HYUNDAI,Elantra Limited,2012,Sedan,Automatic,Front,45
21326,HYUNDAI,Elantra LIMITED,2013,Cabriolet,Automatic,Rear,46
65858,HYUNDAI,Elantra Limited,2015,Coupe,Automatic,Front,42
64290,HYUNDAI,Elantra limited,2016,Coupe,Automatic,Rear,42
10976,HYUNDAI,Elantra SE,2016,Coupe,Automatic,Rear,30
17249,HYUNDAI,Elantra SE,2017,Coupe,Manual,Rear,30
26657,HYUNDAI,Elantra,2009,Coupe,Automatic,Rear,29
29075,HYUNDAI,Elantra,2010,Coupe,Automatic,Front,20
24462,HYUNDAI,Elantra,2011,Coupe,Automatic,Rear,29
19130,HYUNDAI,Elantra,2012,Coupe,Automatic,Rear,30
26343,HYUNDAI,Elantra,2019,Coupe,Manual,Rear,30
20385,HYUNDAI,Elantra,2020,Coupe,Manual,Rear,44
58391,HYUNDAI,Genesis,2008,Coupe,Automatic,Front,48
40769,HYUNDAI,Genesis,2013,Coupe,Automatic,Rear,35
43278,HYUNDAI,Genesis,2014,Coupe,Manual,Rear,37
137885,HYUNDAI,Grandeur,2011,Coupe,Automatic,Front,24
12858,HYUNDAI,Grandeur,2013,Sedan,Automatic,Rear,39.7436
90947,HYUNDAI,Grandeur,2015,Pickup,Automatic,4x4,43
10976,HYUNDAI,H1 grandstarex,2011,Universal,Manual,Front,33
15367,HYUNDAI,H1 starixs,2007,Sedan,Automatic,4x4,33.3333
14113,HYUNDAI,H1,2005,Jeep,Automatic,4x4,32
22843,HYUNDAI,H1,2007,Sedan,Automatic,Front,41.0256
23734,HYUNDAI,i20,2010,Sedan,Automatic,Front,50
24029,HYUNDAI,I30,2010,Sedan,Automatic,Front,42.3077
29965,HYUNDAI,I30,2015,Sedan,Automatic,Front,42.3077
32311,HYUNDAI,i40,2016,Sedan,Automatic,Front,39
40092,HYUNDAI,IX35,2011,Sedan,Automatic,Front,27
54932,HYUNDAI,Lantra LIMITED,2017,Sedan,Automatic,Front,41
58495,HYUNDAI,Lantra,2011,Sedan,Automatic,Front,27
15681,HYUNDAI,Lantra,2013,Goods wagon,Manual,Front,30
14113,HYUNDAI,Santa FE long,2017,Goods wagon,Manual,Front,35
15681,HYUNDAI,Santa FE sport,2018,Microbus,Manual,Rear,36
14113,HYUNDAI,Santa FE,2009,Microbus,Manual,Rear,37
17876,HYUNDAI,Santa FE,2010,Microbus,Manual,Rear,32
17249,HYUNDAI,Santa FE,2011,Microbus,Manual,Rear,31
45473,HYUNDAI,Santa FE,2012,Microbus,Manual,Rear,32
13799,HYUNDAI,Santa FE,2013,Goods wagon,Manual,Front,31
10976,HYUNDAI,Santa FE,2015,Goods wagon,Manual,Front,21
10506,HYUNDAI,Santa FE,2016,Goods wagon,Manual,Front,41.0256
12231,HYUNDAI,Sonata 2.4L,2017,Goods wagon,Automatic,Front,50
12500,HYUNDAI,Sonata Hibrid,2014,Goods wagon,Manual,Front,50
12544,HYUNDAI,Sonata LIMITED,2011,Goods wagon,Automatic,Front,28
13485,HYUNDAI,Sonata Limited,2013,Goods wagon,Manual,Front,39
30420,HYUNDAI,Sonata Limited,2014,Microbus,Manual,Front,41
20385,HYUNDAI,Sonata LPG,2014,Goods wagon,Manual,Front,30
21169,HYUNDAI,Sonata S,2013,Microbus,Manual,Rear,27
19914,HYUNDAI,Sonata sport,2016,Microbus,Manual,Rear,35
20385,HYUNDAI,Sonata,2010,Microbus,Manual,Front,32
11917,HYUNDAI,Sonata,2019,Microbus,Manual,Rear,39
10036,HYUNDAI,Tucson Limited,2016,Microbus,Manual,Rear,22
11604,HYUNDAI,Tucson SE,2016,Microbus,Manual,Front,37
11290,HYUNDAI,Tucson SE,2017,Microbus,Manual,Rear,36
20385,HYUNDAI,Tucson,2005,Microbus,Manual,Rear,36
11900,HYUNDAI,Tucson,2008,Microbus,Manual,Front,36
10000,HYUNDAI,Tucson,2010,Microbus,Manual,Rear,32
32929,HYUNDAI,Tucson,2011,Microbus,Manual,Front,34
16308,HYUNDAI,Tucson,2012,Microbus,Manual,Front,51
13172,HYUNDAI,Tucson,2013,Microbus,Manual,Front,64
14113,HYUNDAI,Tucson,2015,Microbus,Manual,Front,40
20385,HYUNDAI,Tucson,2016,Microbus,Manual,Front,45
15053,HYUNDAI,Veloster R-spec,2014,Microbus,Manual,Front,27
14740,HYUNDAI,Veloster TURBO,2014,Microbus,Manual,Rear,35.8974
21950,HYUNDAI,Veloster Turbo,2016,Microbus,Manual,4x4,36
17249,HYUNDAI,Veloster,2011,Microbus,Manual,Front,19
23834,HYUNDAI,Veloster,2012,Microbus,Manual,Rear,19
21950,HYUNDAI,Veloster,2014,Goods wagon,Manual,4x4,26.9231
34184,HYUNDAI,Veloster,2015,Goods wagon,Manual,Front,33
15681,HYUNDAI,Veloster,2016,Microbus,Manual,Front,33.3333
36065,HYUNDAI,Veracruz,2010,Microbus,Manual,Rear,27
42337,INFINITI,EX37,2012,Microbus,Manual,Rear,45
51746,INFINITI,FX35,2002,Sedan,Manual,Rear,20
15681,INFINITI,G37,2008,Limousine,Manual,Rear,41.0256
14269,INFINITI,JX35,2012,Sedan,Automatic,Front,48
35752,INFINITI,QX56,2006,Sedan,Automatic,Front,43
10036,INFINITI,QX56,2012,Sedan,Manual,Front,38
15053,INFINITI,QX80,2016,Jeep,Manual,Front,40
11290,INFINITI,QX80,2017,Sedan,Automatic,Front,35.8974
17562,ISUZU,VehiCross,1997,Coupe,Automatic,Front,36
21953,JAGUAR,Daimler,2016,Sedan,Automatic,Front,47
11917,JAGUAR,F-pace,2016,Sedan,Automatic,Front,41
14740,JAGUAR,F-pace,2017,Sedan,Manual,Front,33.3333
12544,JAGUAR,XF,2014,Sedan,Automatic,Front,17.9487
15681,JAGUAR,XF,2015,Sedan,Automatic,Front,32
14113,JEEP,Cherokee,2004,Sedan,Automatic,Front,43
21953,JEEP,Cherokee,2015,Sedan,Automatic,4x4,56
29166,JEEP,Cherokee,2017,Sedan,Manual,Front,35
16935,JEEP,Cherokee,2018,Universal,Automatic,4x4,41.0256
20385,JEEP,Cherokee,2019,Jeep,Automatic,4x4,44
14113,JEEP,Compass,2009,Jeep,Automatic,Front,38
16621,JEEP,Compass,2010,Jeep,Automatic,4x4,37.1795
17249,JEEP,Compass,2011,Jeep,Automatic,4x4,37
15994,JEEP,Compass,2012,Jeep,Manual,4x4,37
17249,JEEP,Compass,2013,Jeep,Automatic,4x4,27
18503,JEEP,Compass,2014,Jeep,Automatic,4x4,43
21500,JEEP,Compass,2015,Jeep,Automatic,4x4,32
24775,JEEP,Compass,2018,Jeep,Automatic,4x4,31
25089,JEEP,Grand Cherokee special e,2004,Jeep,Automatic,Front,29
26030,JEEP,Grand Cherokee,2003,Jeep,Automatic,4x4,31
39201,JEEP,Grand Cherokee,2004,Jeep,Automatic,4x4,32
12701,JEEP,Grand Cherokee,2005,Jeep,Automatic,Front,33
10036,JEEP,Grand Cherokee,2008,Jeep,Automatic,4x4,33
20698,JEEP,Grand Cherokee,2019,Sedan,Automatic,4x4,34
11917,JEEP,Liberty,2001,Coupe,Manual,Front,28
10976,JEEP,Liberty,2002,Sedan,Automatic,Front,29
10036,JEEP,Liberty,2003,Hatchback,Manual,Front,29
14113,JEEP,Liberty,2008,Coupe,Manual,Front,30
13172,JEEP,Liberty,2010,Universal,Manual,Front,25
16900,JEEP,Liberty,2012,Universal,Automatic,4x4,31
20385,JEEP,Patriot 70th anniversary,2011,Minivan,Automatic,4x4,31
12540,JEEP,Patriot Latitude,2014,Minivan,Automatic,Front,29
14583,JEEP,Patriot,2010,Minivan,Automatic,Front,31
15994,JEEP,Wrangler ARB,2012,Minivan,Automatic,Front,33
10000,JEEP,Wrangler sport,2016,Minivan,Automatic,Front,33
12000,JEEP,Wrangler,1993,Minivan,Automatic,Front,32
15053,JEEP,Wrangler,2009,Hatchback,Automatic,4x4,32
10976,JEEP,Wrangler,2010,Hatchback,Automatic,4x4,36
11760,JEEP,Wrangler,2011,Hatchback,Automatic,Front,33
11917,JEEP,Wrangler,2012,Hatchback,Automatic,Front,30.7692
18817,JEEP,Wrangler,2013,Hatchback,Automatic,Front,32
10349,JEEP,Wrangler,2014,Hatchback,Automatic,Front,29
11920,JEEP,Wrangler,2015,Hatchback,Automatic,Front,41.0256
11760,JEEP,Wrangler,2017,Hatchback,Automatic,4x4,40
14269,JEEP,Wrangler,2019,Hatchback,Automatic,Front,37
10506,KIA,Avella,2018,Hatchback,Automatic,Front,39.7436
10349,KIA,Cadenza,2011,Hatchback,Automatic,Front,33.3333
10976,KIA,Cadenza,2012,Sedan,Automatic,Front,44
12544,KIA,Cadenza,2013,Hatchback,Manual,Front,38
11290,KIA,Cadenza,2015,Hatchback,Manual,Front,17
10349,KIA,Cadenza,2016,Sedan,Manual,Front,27
10450,KIA,Carnival grand,2009,Hatchback,Automatic,Front,36
10349,KIA,Carnival,2006,Hatchback,Automatic,Front,39.7436
10976,KIA,Carnival,2010,Hatchback,Automatic,4x4,35.8974
11447,KIA,Carnival,2011,Hatchback,Manual,Front,32
20000,KIA,Ceed,2007,Hatchback,Automatic,4x4,35
21316,KIA,Ceed,2009,Hatchback,Automatic,Front,34
10000,KIA,Ceed,2019,Minivan,Automatic,Front,30
16000,KIA,Cerato,2013,Minivan,Automatic,Front,36
21169,KIA,Cerato,2016,Jeep,Automatic,4x4,37
26500,KIA,Cerato,2017,Jeep,Automatic,4x4,39
24618,KIA,Forte,2011,Jeep,Automatic,Front,38
13015,KIA,Forte,2015,Hatchback,Automatic,Front,42
13642,KIA,Niro,2017,Hatchback,Automatic,Front,35
10036,KIA,Niro,2018,Coupe,Manual,Front,37.1795
25089,KIA,Niro,2019,Minivan,Automatic,Front,31
14269,KIA,Optima ex,2014,Jeep,Automatic,Front,32
19757,KIA,Optima HYBRID,2011,Sedan,Automatic,Front,38
29793,KIA,Optima HYBRID,2012,Jeep,Automatic,4x4,30
30420,KIA,Optima HYBRID,2014,Pickup,Automatic,4x4,40
14113,KIA,Optima HYBRID,2016,Universal,Automatic,Front,45
15000,KIA,Optima,2019,Hatchback,Automatic,Front,48.7179
18000,KIA,Picanto,2008,Hatchback,Automatic,4x4,35
15367,KIA,Picanto,2013,Minivan,Automatic,Front,42
10000,KIA,Picanto,2015,Minivan,Automatic,4x4,30
22580,KIA,Picanto,2017,Minivan,Automatic,4x4,36
10036,KIA,RIO,2009,Minivan,Automatic,Front,37
10349,KIA,RIO,2012,Minivan,Automatic,Front,43
45473,KIA,RIO,2017,Jeep,Automatic,4x4,41.0256
62722,KIA,Sorento EX,2013,Jeep,Automatic,4x4,29
24618,KIA,Sorento SX,2016,Jeep,Automatic,4x4,44
23207,KIA,Sorento,2004,Jeep,Manual,4x4,38
12388,KIA,Sorento,2010,Hatchback,Automatic,Front,42
13015,KIA,Sorento,2013,Hatchback,Automatic,Front,37.1795
14583,KIA,Sorento,2014,Hatchback,Automatic,Front,38
13485,KIA,Sorento,2016,Sedan,Automatic,Front,40
10036,KIA,Sorento,2018,Sedan,Automatic,Front,39.7436
32302,KIA,SOUL,2010,Sedan,Automatic,Front,37
25089,KIA,SOUL,2014,Sedan,Automatic,4x4,36
16621,KIA,SOUL,2015,Sedan,Manual,Front,36
17876,KIA,Sportage SX,2016,Hatchback,Automatic,Front,17
14740,KIA,Sportage,2011,Hatchback,Automatic,Front,45
17249,KIA,Sportage,2012,Hatchback,Automatic,Front,36
14426,KIA,Sportage,2013,Hatchback,Automatic,Front,41.0256
12388,KIA,Sportage,2015,Sedan,Automatic,Front,21
20071,KIA,Sportage,2019,Sedan,Automatic,Front,30.7692
16465,KIA,Sportage,2020,Sedan,Automatic,Front,31
23521,LAND ROVER,Defender 90 Cabrio,2011,Sedan,Automatic,Front,35
17092,LAND ROVER,Discovery,1995,Sedan,Automatic,Front,42
19444,LAND ROVER,Freelander,2004,Sedan,Automatic,Front,30
17092,LAND ROVER,Land Rover Sport,2006,Sedan,Automatic,Front,36
11102,LAND ROVER,Land Rover Sport,2013,Sedan,Automatic,Front,16
17158,LAND ROVER,Land Rover Sport,2014,Sedan,Automatic,Front,38
14454,LAND ROVER,Range Rover Evoque,2016,Sedan,Automatic,Front,40
18826,LAND ROVER,Range Rover,1996,Sedan,Automatic,Front,45
16935,LAND ROVER,Range Rover,2013,Sedan,Automatic,Rear,48.7179
13799,LAND ROVER,Range Rover,2014,Sedan,Automatic,Front,40
12231,LAND ROVER,Range Rover,2016,Coupe,Manual,Front,40
21953,LEXUS,CT 200h F sport,2014,Sedan,Automatic,Front,46
17876,LEXUS,CT 200h,2013,Sedan,Manual,Front,33
29793,LEXUS,CT 200h,2015,Sedan,Automatic,Front,42
15210,LEXUS,CT 200h,2016,Sedan,Automatic,Front,16
10349,LEXUS,ES 300 hybrid,2014,Sedan,Automatic,Front,46
47408,LEXUS,ES 300,2009,Coupe,Automatic,Front,45
31797,LEXUS,ES 300,2011,Coupe,Automatic,Front,36
13269,LEXUS,ES 300,2013,Sedan,Automatic,Front,33
32302,LEXUS,ES 300,2014,Sedan,Automatic,Front,32
22894,LEXUS,ES 300,2015,Sedan,Automatic,Front,30.7692
17719,LEXUS,ES 350,2015,Sedan,Automatic,Front,24.359
36065,LEXUS,ES 350,2016,Sedan,Automatic,Front,25
31361,LEXUS,ES 350,2017,Minivan,Automatic,Rear,22
21953,LEXUS,ES 350,2019,Minivan,Automatic,Rear,31
17876,LEXUS,GS 350,2017,Microbus,Automatic,Rear,32.0513
22000,LEXUS,GX 460,2010,Minivan,Automatic,Rear,33.3333
21953,LEXUS,GX 460,2011,Microbus,Manual,Rear,33.3333
21953,LEXUS,GX 460,2012,Minivan,Automatic,Rear,39
35124,LEXUS,GX 460,2013,Microbus,Automatic,Rear,37.1795
28000,LEXUS,GX 460,2015,Minivan,Manual,Rear,41.0256
10976,LEXUS,GX 460,2016,Sedan,Manual,Front,39
10976,LEXUS,GX 460,2017,Sedan,Automatic,Front,33.3333
12231,LEXUS,GX 460,2019,Universal,Manual,Front,33.3333
10986,LEXUS,GX 470 470,2003,Hatchback,Automatic,Front,37
10976,LEXUS,GX 470,2003,Goods wagon,Manual,Front,37
21395,LEXUS,GX 470,2005,Hatchback,Automatic,Front,42
30351,LEXUS,GX 470,2006,Sedan,Automatic,Front,35
30107,LEXUS,GX 470,2007,Jeep,Automatic,4x4,37.1795
28225,LEXUS,GX 470,2008,Sedan,Automatic,Front,31
17249,LEXUS,GX 470,2009,Sedan,Automatic,Front,32
12858,LEXUS,GX 470,2010,Sedan,Automatic,Front,41.0256
49864,LEXUS,GX 470,2013,Jeep,Automatic,4x4,40
39201,LEXUS,GX 470,2014,Jeep,Automatic,4x4,37.1795
18189,LEXUS,GX 470,2015,Jeep,Automatic,4x4,37.1795
14897,LEXUS,HS 250h Hybrid,2010,Jeep,Automatic,Front,38
23235,LEXUS,HS 250h,2011,Jeep,Automatic,Front,44.8718
25810,LEXUS,IS 250,2009,Jeep,Automatic,Front,37
31913,LEXUS,IS 250,2010,Jeep,Automatic,Front,20
34497,LEXUS,IS 250,2012,Jeep,Automatic,4x4,45
41281,LEXUS,IS 250,2014,Jeep,Automatic,Front,41.0256
10192,LEXUS,IS 250,2015,Jeep,Automatic,Front,43
38260,LEXUS,IS 300,2017,Jeep,Automatic,4x4,48
39493,LEXUS,LS 460,2009,Jeep,Automatic,Front,37
11290,LEXUS,LS 460,2011,Sedan,Automatic,4x4,39.7436
13799,LEXUS,LS 460,2013,Sedan,Automatic,4x4,27
16308,LEXUS,LS 460,2016,Sedan,Automatic,4x4,34
26657,LEXUS,LS 460,2017,Sedan,Automatic,Front,34
22894,LEXUS,LX 470,1998,Sedan,Automatic,Front,29
20385,LEXUS,LX 570,2010,Sedan,Automatic,Front,32
13956,LEXUS,NX 200,2015,Sedan,Automatic,Front,37.1795
16935,LEXUS,NX 200,2016,Sedan,Automatic,Front,43
24148,LEXUS,NX 200,2017,Sedan,Automatic,Front,41.0256
18033,LEXUS,NX 300,2015,Sedan,Automatic,Front,35.8974
24462,LEXUS,NX 300,2016,Sedan,Automatic,Front,40
15132,LEXUS,RX 300,2002,Sedan,Automatic,Front,28
18817,LEXUS,RX 350,2007,Sedan,Automatic,Rear,35
18817,LEXUS,RX 350,2008,Sedan,Automatic,Front,39.7436
18817,LEXUS,RX 350,2009,Sedan,Automatic,Rear,32
20071,LEXUS,RX 350,2010,Sedan,Automatic,Front,32
15053,LEXUS,RX 350,2012,Sedan,Automatic,Front,32
33556,LEXUS,RX 350,2013,Sedan,Automatic,Front,29
10976,LEXUS,RX 350,2015,Sedan,Automatic,Front,29
26186,LEXUS,RX 350,2016,Jeep,Automatic,4x4,23
29009,LEXUS,RX 350,2018,Jeep,Automatic,4x4,39.7436
30734,LEXUS,RX 350,2020,Jeep,Automatic,4x4,37
27598,LEXUS,RX 400 HYBRID,2008,Jeep,Automatic,Front,18
10663,LEXUS,RX 400 RESTAILING,2008,Jeep,Manual,4x4,37
15681,LEXUS,RX 400,2007,Jeep,Manual,4x4,32
12231,LEXUS,RX 400,2008,Jeep,Manual,4x4,32
22063,LEXUS,RX 450 H,2010,Jeep,Automatic,Front,37
26030,LEXUS,RX 450 HYBRID,2010,Jeep,Automatic,4x4,33.3333
22649,LEXUS,RX 450,2010,Jeep,Automatic,Front,33
24148,LEXUS,RX 450,2011,Jeep,Automatic,4x4,33
25299,LEXUS,RX 450,2012,Jeep,Automatic,Front,35
25089,LEXUS,RX 450,2013,Jeep,Automatic,Front,20
20526,LEXUS,RX 450,2015,Jeep,Automatic,Front,31
39559,LEXUS,RX 450,2016,Jeep,Automatic,Front,27
37000,LINCOLN,MKZ,2014,Jeep,Automatic,Front,33.3333
28225,LINCOLN,Navigator,1999,Jeep,Automatic,4x4,37.1795
17876,LINCOLN,Navigator,2004,Sedan,Automatic,4x4,34
19757,LINCOLN,Town Car,2005,Coupe,Manual,Front,31
21856,MASERATI,Ghibli,2014,Hatchback,Manual,Front,36
24462,MAZDA,1000,2018,Hatchback,Manual,Front,37.1795
15994,MAZDA,Axela,2015,Hatchback,Manual,Front,33.3333
20385,MAZDA,Axela,2017,Hatchback,Automatic,Front,33
14113,MAZDA,CX-5 Touring,2016,Hatchback,Manual,Front,31
14113,MAZDA,CX-5,2014,Coupe,Manual,Front,32
17562,MAZDA,CX-5,2015,Sedan,Automatic,Front,33
21326,MAZDA,CX-5,2019,Sedan,Automatic,Front,32
12231,MAZDA,CX-9,2019,Coupe,Manual,Front,35
24462,MAZDA,Mazda 2,2009,Jeep,Automatic,Front,34
31361,MAZDA,Mazda 2,2014,Hatchback,Automatic,4x4,30.7692
12544,MAZDA,Mazda 3 SPORT,2015,Jeep,Automatic,4x4,36
26657,MAZDA,Mazda 3 SPORT,2016,Coupe,Manual,Rear,37
17249,MAZDA,Mazda 3,2016,Jeep,Automatic,Front,30.7692
18817,MAZDA,Mazda 6 TOURING,2017,Jeep,Automatic,4x4,28
11290,MAZDA,Mazda 6,2013,Jeep,Automatic,Rear,22
32302,MAZDA,Mazda 6,2016,Jeep,Automatic,Rear,26.9231
17562,MAZDA,Mazda 6,2017,Jeep,Automatic,Rear,29
14113,MAZDA,Mazda 6,2018,Jeep,Automatic,4x4,30
14426,MAZDA,MPV,2004,Sedan,Automatic,4x4,33
117604,MAZDA,Rx-8,2003,Jeep,Automatic,4x4,32
147397,MAZDA,Rx-8,2005,Jeep,Automatic,4x4,32
14269,MERCEDES-BENZ,200,1998,Jeep,Automatic,4x4,37.1795
47120,MERCEDES-BENZ,200,2008,Sedan,Automatic,Front,35.8974
42786,MERCEDES-BENZ,220,2004,Sedan,Automatic,Front,39.7436
13172,MERCEDES-BENZ,230 W153,1943,Jeep,Automatic,4x4,43
51166,MERCEDES-BENZ,230,2006,Jeep,Automatic,Front,18
51454,MERCEDES-BENZ,250,2012,Jeep,Automatic,Front,33
127000,MERCEDES-BENZ,270,2004,Jeep,Automatic,4x4,33.3333
12231,MERCEDES-BENZ,290,1999,Sedan,Automatic,Front,30.7692
15693,MERCEDES-BENZ,300,2010,Jeep,Automatic,Front,39.7436
19281,MERCEDES-BENZ,311,1998,Jeep,Automatic,Front,37
23521,MERCEDES-BENZ,320,2000,Jeep,Automatic,4x4,37
35234,MERCEDES-BENZ,320,2003,Jeep,Automatic,Front,33.3333
25264,MERCEDES-BENZ,416,2000,Jeep,Automatic,Front,33.3333
22269,MERCEDES-BENZ,A 140 140,1997,Jeep,Automatic,Front,35
37291,MERCEDES-BENZ,A 140,2019,Jeep,Automatic,Front,37.1795
14113,MERCEDES-BENZ,A 170,2008,Jeep,Automatic,4x4,16
44043,MERCEDES-BENZ,B 200,2007,Jeep,Automatic,Front,34
42337,MERCEDES-BENZ,C 180,1996,Jeep,Automatic,4x4,31
11917,MERCEDES-BENZ,C 180,1998,Jeep,Automatic,4x4,37
10000,MERCEDES-BENZ,C 180,1999,Jeep,Automatic,4x4,33.3333
10976,MERCEDES-BENZ,C 180,2000,Jeep,Automatic,4x4,19
17249,MERCEDES-BENZ,C 180,2001,Jeep,Automatic,4x4,20
12074,MERCEDES-BENZ,C 180,2008,Jeep,Automatic,4x4,19
10976,MERCEDES-BENZ,C 180,2009,Jeep,Automatic,4x4,33.3333
19130,MERCEDES-BENZ,C 180,2014,Jeep,Automatic,4x4,36
13485,MERCEDES-BENZ,C 200 Kompressor,2000,Jeep,Automatic,4x4,32
23834,MERCEDES-BENZ,C 200,2001,Sedan,Automatic,Rear,21
11000,MERCEDES-BENZ,C 200,2002,Jeep,Automatic,4x4,32
10976,MERCEDES-BENZ,C 220,2001,Jeep,Automatic,4x4,35.8974
10663,MERCEDES-BENZ,C 220,2006,Jeep,Automatic,4x4,38
11604,MERCEDES-BENZ,C 220,2010,Jeep,Manual,4x4,32
15367,MERCEDES-BENZ,C 230 2.5,2006,Jeep,Automatic,4x4,33.3333
15994,MERCEDES-BENZ,C 230 kompresor,2004,Jeep,Automatic,4x4,35
18189,MERCEDES-BENZ,C 230,2006,Jeep,Automatic,4x4,36
25089,MERCEDES-BENZ,C 230,2007,Jeep,Manual,4x4,30.7692
14740,MERCEDES-BENZ,C 240 w203,2004,Jeep,Automatic,4x4,34
19757,MERCEDES-BENZ,C 240,2001,Jeep,Manual,4x4,32
68994,MERCEDES-BENZ,C 250,2011,Jeep,Manual,4x4,22
43905,MERCEDES-BENZ,C 250,2012,Jeep,Automatic,4x4,36
20385,MERCEDES-BENZ,C 250,2013,Jeep,Manual,4x4,34
43360,MERCEDES-BENZ,C 250,2014,Jeep,Automatic,Front,35
17249,MERCEDES-BENZ,C 300 6.3 AMG Package,2015,Jeep,Automatic,4x4,32
52687,MERCEDES-BENZ,C 300,2008,Jeep,Manual,4x4,32
54346,MERCEDES-BENZ,C 300,2012,Jeep,Automatic,Front,33
45473,MERCEDES-BENZ,C 300,2015,Jeep,Manual,4x4,32
56340,MERCEDES-BENZ,C 320 AMG,2004,Jeep,Automatic,Front,33.3333
47042,MERCEDES-BENZ,C 320,2000,Jeep,Manual,4x4,32
58971,MERCEDES-BENZ,C 36 AMG,1995,Jeep,Automatic,Front,36
82097,MERCEDES-BENZ,C 43 AMG,1999,Jeep,Automatic,Front,27
92502,MERCEDES-BENZ,C 63 AMG,2012,Jeep,Automatic,Front,33
147397,MERCEDES-BENZ,Citan,2013,Jeep,Automatic,4x4,33
16308,MERCEDES-BENZ,CL550 AMG,2007,Sedan,Automatic,Rear,36
11917,MERCEDES-BENZ,CLA 250,2013,Sedan,Automatic,Front,33
18440,MERCEDES-BENZ,CLA 250,2014,Sedan,Automatic,Front,36
14113,MERCEDES-BENZ,CLA 250,2016,Sedan,Automatic,Front,33
17876,MERCEDES-BENZ,CLA 250,2018,Sedan,Automatic,Front,30
10349,MERCEDES-BENZ,CLK 240,2002,Sedan,Automatic,Front,32
15681,MERCEDES-BENZ,CLK 320,2003,Sedan,Automatic,Front,33.3333
34340,MERCEDES-BENZ,CLK 320,2004,Sedan,Automatic,Front,32
13172,MERCEDES-BENZ,CLK 350,2007,Minivan,Automatic,Front,20
11290,MERCEDES-BENZ,CLS 350,2012,Minivan,Manual,Front,32
11200,MERCEDES-BENZ,CLS 500,2006,Minivan,Automatic,Front,31
12513,MERCEDES-BENZ,CLS 55 AMG,2019,Minivan,Automatic,Front,36
10192,MERCEDES-BENZ,CLS 550,2010,Hatchback,Manual,Front,25
12858,MERCEDES-BENZ,CLS 550,2016,Sedan,Manual,Front,24
51746,MERCEDES-BENZ,E 200,1993,Universal,Automatic,Front,20
12544,MERCEDES-BENZ,E 200,1999,Sedan,Automatic,Front,36
18660,MERCEDES-BENZ,E 200,2005,Sedan,Automatic,Front,34
17405,MERCEDES-BENZ,E 200,2008,Sedan,Automatic,Front,35
20385,MERCEDES-BENZ,E 200,2014,Sedan,Automatic,Front,36
13172,MERCEDES-BENZ,E 220 211,2008,Sedan,Manual,Front,17.9487
37633,MERCEDES-BENZ,E 220 cdi,2016,Jeep,Automatic,4x4,32
38888,MERCEDES-BENZ,E 220,2001,Jeep,Automatic,Front,18
12701,MERCEDES-BENZ,E 220,2002,Jeep,Automatic,Front,33
19130,MERCEDES-BENZ,E 220,2005,Sedan,Automatic,Front,34
13485,MERCEDES-BENZ,E 220,2008,Sedan,Automatic,Rear,37
14113,MERCEDES-BENZ,E 220,2009,Sedan,Automatic,Front,36
15524,MERCEDES-BENZ,E 220,2011,Sedan,Automatic,Front,35
26030,MERCEDES-BENZ,E 220,2016,Sedan,Automatic,Front,29
20000,MERCEDES-BENZ,E 240,2001,Sedan,Automatic,Front,29
21326,MERCEDES-BENZ,E 250,2014,Sedan,Automatic,Front,32
28225,MERCEDES-BENZ,E 270,1999,Sedan,Automatic,Front,27
15994,MERCEDES-BENZ,E 270,2000,Jeep,Automatic,Front,33
10976,MERCEDES-BENZ,E 270,2002,Hatchback,Manual,Front,32
10036,MERCEDES-BENZ,E 270,2003,Sedan,Automatic,Front,39.7436
12231,MERCEDES-BENZ,E 280,1994,Sedan,Automatic,Front,35.8974
12074,MERCEDES-BENZ,E 280,1999,Sedan,Automatic,Front,45
18189,MERCEDES-BENZ,E 300,2017,Sedan,Automatic,Front,29
15524,MERCEDES-BENZ,E 300,2018,Sedan,Manual,Front,35
10349,MERCEDES-BENZ,E 320 4Ã—4,2004,Sedan,Manual,Front,37.1795
13799,MERCEDES-BENZ,E 320,1999,Hatchback,Manual,Front,38
17249,MERCEDES-BENZ,E 320,2001,Sedan,Automatic,Front,39.7436
25873,MERCEDES-BENZ,E 320,2007,Jeep,Automatic,Front,29
26814,MERCEDES-BENZ,E 350 4 MATIC,2012,Jeep,Automatic,Front,45
10976,MERCEDES-BENZ,E 350 w211,2007,Jeep,Manual,4x4,48.7179
23521,MERCEDES-BENZ,E 350,2005,Jeep,Automatic,Front,44.8718
25402,MERCEDES-BENZ,E 350,2006,Jeep,Automatic,Front,41.0256
29793,MERCEDES-BENZ,E 350,2007,Jeep,Automatic,Front,43
39515,MERCEDES-BENZ,E 350,2009,Jeep,Automatic,Front,48
79971,MERCEDES-BENZ,E 350,2010,Jeep,Automatic,Front,38
22894,MERCEDES-BENZ,E 350,2012,Sedan,Automatic,Front,40
10506,MERCEDES-BENZ,E 350,2013,Sedan,Automatic,Front,35.8974
21326,MERCEDES-BENZ,E 36 AMG,2001,Sedan,Automatic,Front,36
13956,MERCEDES-BENZ,E 420,1996,Jeep,Manual,Front,32
22894,MERCEDES-BENZ,E 500,2003,Jeep,Automatic,Front,37
17249,MERCEDES-BENZ,G 230 2.2cdi,1987,Jeep,Automatic,Front,39.7436
15367,MERCEDES-BENZ,G 300,1988,Jeep,Automatic,Front,34
14426,MERCEDES-BENZ,G 320,1994,Jeep,Automatic,Front,34
34497,MERCEDES-BENZ,G 350,2013,Jeep,Automatic,4x4,29
18817,MERCEDES-BENZ,G 55 AMG,1996,Jeep,Automatic,4x4,41.0256
12074,MERCEDES-BENZ,G 55 AMG,2003,Sedan,Automatic,4x4,44
78403,MERCEDES-BENZ,G 550,2015,Jeep,Manual,4x4,37
10976,MERCEDES-BENZ,G 550,2017,Jeep,Manual,4x4,37
10036,MERCEDES-BENZ,G 63 AMG,2016,Jeep,Manual,4x4,37.1795
21953,MERCEDES-BENZ,GL 320 bluetec,2008,Jeep,Automatic,4x4,33.3333
68994,MERCEDES-BENZ,GL 320,2007,Jeep,Automatic,4x4,37.1795
114468,MERCEDES-BENZ,GL 350 áƒ“áƒ˜áƒ–áƒ”áƒšáƒ˜,2012,Jeep,Automatic,4x4,33.3333
84675,MERCEDES-BENZ,GL 350,2011,Jeep,Automatic,4x4,30
14113,MERCEDES-BENZ,GL 350,2012,Jeep,Manual,4x4,35
68994,MERCEDES-BENZ,GL 450,2006,Jeep,Automatic,4x4,31
114468,MERCEDES-BENZ,GL 450,2009,Jeep,Automatic,4x4,37.1795
31988,MERCEDES-BENZ,GL 450,2011,Jeep,Automatic,4x4,35.8974
31361,MERCEDES-BENZ,GL 450,2012,Hatchback,Automatic,Front,37.1795
24775,MERCEDES-BENZ,GL 450,2014,Hatchback,Automatic,Front,35.8974
21796,MERCEDES-BENZ,GL 550,2013,Hatchback,Automatic,Front,30.7692
26030,MERCEDES-BENZ,GL 550,2014,Hatchback,Automatic,Front,30
16935,MERCEDES-BENZ,GL 63 AMG,2014,Hatchback,Automatic,Front,33.3333
39201,MERCEDES-BENZ,GLA 200,2017,Hatchback,Automatic,Front,30
46728,MERCEDES-BENZ,GLA 250,2015,Sedan,Automatic,Front,35
26017,MERCEDES-BENZ,GLA 250,2017,Sedan,Automatic,Front,31
39026,MERCEDES-BENZ,GLE 350,2016,Sedan,Automatic,Front,37.1795
49864,MERCEDES-BENZ,GLE 350,2017,Sedan,Automatic,Front,37.1795
46101,MERCEDES-BENZ,GLE 350,2018,Sedan,Automatic,Front,33.3333
10192,MERCEDES-BENZ,"GLE 400 Coupe, AMG Kit",2018,Sedan,Automatic,Front,35
10192,MERCEDES-BENZ,GLE 43 AMG,2017,Sedan,Automatic,Front,37
11447,MERCEDES-BENZ,GLK 250,2015,Sedan,Automatic,Front,31
14269,MERCEDES-BENZ,GLK 300,2009,Sedan,Automatic,Front,30
10349,MERCEDES-BENZ,GLK 350,2014,Sedan,Automatic,Front,37.1795
100355,MERCEDES-BENZ,ML 250,2015,Sedan,Automatic,4x4,37.1795
15681,MERCEDES-BENZ,ML 280 áƒ¡áƒáƒ¡áƒ¬áƒ áƒáƒ¤áƒáƒ“,2007,Jeep,Automatic,4x4,33.3333
43278,MERCEDES-BENZ,ML 280,2008,Jeep,Automatic,4x4,30
12858,MERCEDES-BENZ,ML 320,2003,Jeep,Automatic,4x4,35
71503,MERCEDES-BENZ,ML 320,2007,Jeep,Automatic,4x4,31
73071,MERCEDES-BENZ,ML 320,2009,Jeep,Automatic,4x4,35.8974
81539,MERCEDES-BENZ,ML 350 sport,2010,Jeep,Automatic,4x4,31
33243,MERCEDES-BENZ,ML 350,2004,Jeep,Automatic,4x4,32
72130,MERCEDES-BENZ,ML 350,2006,Jeep,Automatic,4x4,32
31988,MERCEDES-BENZ,ML 350,2009,Jeep,Automatic,4x4,29
31361,MERCEDES-BENZ,ML 350,2010,Jeep,Automatic,4x4,33.3333
37633,MERCEDES-BENZ,ML 350,2011,Jeep,Automatic,4x4,35
42337,MERCEDES-BENZ,ML 350,2012,Jeep,Automatic,4x4,36
51432,MERCEDES-BENZ,ML 350,2013,Jeep,Automatic,4x4,30.7692
35438,MERCEDES-BENZ,ML 350,2014,Jeep,Automatic,4x4,34
30734,MERCEDES-BENZ,ML 500,2004,Jeep,Automatic,4x4,32
40142,MERCEDES-BENZ,ML 500,2006,Jeep,Automatic,4x4,32
54568,MERCEDES-BENZ,ML 55 AMG,2001,Jeep,Automatic,4x4,32
17562,MERCEDES-BENZ,ML 550,2014,Jeep,Automatic,4x4,32
69935,MERCEDES-BENZ,ML 63 AMG,2006,Jeep,Automatic,4x4,32.0513
25089,MERCEDES-BENZ,R 350,2009,Sedan,Automatic,Front,27
25089,MERCEDES-BENZ,R 350,2011,Sedan,Automatic,Front,36
23602,MERCEDES-BENZ,S 350,2005,Sedan,Automatic,Front,31
20610,MERCEDES-BENZ,S 350,2007,Sedan,Automatic,Front,30
13000,MERCEDES-BENZ,S 350,2015,Sedan,Automatic,Front,30
11447,MERCEDES-BENZ,S 420,1986,Sedan,Automatic,Rear,32
52059,MERCEDES-BENZ,S 430,2000,Sedan,Automatic,4x4,33
45787,MERCEDES-BENZ,S 500 long,1997,Sedan,Automatic,4x4,34
21608,MERCEDES-BENZ,S 500,2002,Sedan,Automatic,Front,30.7692
32954,MERCEDES-BENZ,S 550,2006,Sedan,Automatic,Front,30
22894,MERCEDES-BENZ,S 550,2013,Sedan,Automatic,4x4,32.0513
25716,MERCEDES-BENZ,S 550,2014,Sedan,Automatic,Rear,30
89379,MERCEDES-BENZ,S 63 AMG,2010,Sedan,Automatic,Rear,37
19757,MERCEDES-BENZ,S 63 AMG,2018,Jeep,Automatic,4x4,31
20385,MERCEDES-BENZ,SL 55 AMG,2018,Jeep,Automatic,4x4,30
25089,MERCEDES-BENZ,SLK 230,1998,Jeep,Automatic,4x4,32
60684,MERCEDES-BENZ,Smart Fortwo,2014,Jeep,Automatic,Front,30
31988,MERCEDES-BENZ,Sprinter 308 CDI,2003,Jeep,Automatic,4x4,32
25089,MERCEDES-BENZ,Sprinter 311,2009,Jeep,Automatic,4x4,30.7692
99440,MERCEDES-BENZ,Sprinter 313,2003,Jeep,Automatic,Front,30
11917,MERCEDES-BENZ,Sprinter 313,2006,Jeep,Automatic,4x4,29
26657,MERCEDES-BENZ,Sprinter 313,2008,Jeep,Automatic,4x4,37
29793,MERCEDES-BENZ,Sprinter 313CDI,2011,Jeep,Automatic,4x4,32
35570,MERCEDES-BENZ,Sprinter 314,2005,Jeep,Automatic,Front,27
49864,MERCEDES-BENZ,Sprinter 315CDI,2007,Jeep,Automatic,Front,28.2051
17249,MERCEDES-BENZ,Sprinter 315CDI-XL,2009,Jeep,Automatic,Front,27
67483,MERCEDES-BENZ,Sprinter 316 CDI,2013,Jeep,Automatic,Front,28
11290,MERCEDES-BENZ,Sprinter 411,2002,Jeep,Automatic,Front,24
47042,MERCEDES-BENZ,Sprinter 516,2011,Jeep,Automatic,4x4,24.359
64604,MERCEDES-BENZ,Sprinter 516,2013,Jeep,Automatic,4x4,23
11917,MERCEDES-BENZ,Sprinter EURO4,2007,Jeep,Automatic,Front,24.359
55195,MERCEDES-BENZ,Sprinter VAN,2007,Sedan,Automatic,4x4,30
48296,MERCEDES-BENZ,Sprinter,1997,Jeep,Automatic,4x4,27
28225,MERCEDES-BENZ,Sprinter,1999,Jeep,Automatic,4x4,27
29166,MERCEDES-BENZ,Sprinter,2000,Jeep,Automatic,Front,30.7692
24775,MERCEDES-BENZ,Sprinter,2003,Jeep,Automatic,4x4,27
23834,MERCEDES-BENZ,Sprinter,2007,Jeep,Automatic,4x4,28
31831,MERCEDES-BENZ,Sprinter,2009,Jeep,Automatic,4x4,23
37633,MERCEDES-BENZ,Sprinter,2011,Jeep,Automatic,Front,24
40766,MERCEDES-BENZ,Sprinter,2012,Jeep,Automatic,4x4,22
13328,MERCEDES-BENZ,Sprinter,2013,Jeep,Automatic,4x4,23
12231,MERCEDES-BENZ,Sprinter,2014,Jeep,Automatic,Front,32
44846,MERCEDES-BENZ,Sprinter,2015,Jeep,Automatic,4x4,27
14583,MERCEDES-BENZ,V 230,1998,Jeep,Automatic,4x4,26
53314,MERCEDES-BENZ,Viano,2004,Jeep,Automatic,Front,30
36065,MERCEDES-BENZ,Viano,2007,Jeep,Automatic,4x4,35
13956,MERCEDES-BENZ,Viano,2009,Jeep,Automatic,4x4,26
34811,MERCEDES-BENZ,Viano,2010,Jeep,Automatic,Front,28.2051
21639,MERCEDES-BENZ,Viano,2013,Sedan,Automatic,Front,23.0769
25089,MERCEDES-BENZ,Vito 111 CDI,2007,Limousine,Automatic,4x4,25
17249,MERCEDES-BENZ,Vito 111,2008,Jeep,Automatic,4x4,24
30420,MERCEDES-BENZ,Vito 113,2011,Limousine,Automatic,Rear,29
36065,MERCEDES-BENZ,Vito 115 CDI,2005,Sedan,Automatic,4x4,26.9231
17562,MERCEDES-BENZ,Vito 2.2,2005,Sedan,Automatic,Rear,22
37633,MERCEDES-BENZ,Vito Exstralong,2004,Jeep,Automatic,4x4,24
15000,MERCEDES-BENZ,Vito Extra Long,2016,Hatchback,Automatic,Front,21
15000,MERCEDES-BENZ,Vito Extralong,2014,Hatchback,Automatic,Front,22
20385,MERCEDES-BENZ,Vito,1997,Jeep,Automatic,Front,20
28539,MERCEDES-BENZ,Vito,1998,Jeep,Automatic,Front,21
31361,MERCEDES-BENZ,Vito,1999,Jeep,Automatic,Front,25
63349,MERCEDES-BENZ,Vito,2001,Jeep,Automatic,4x4,25
35438,MERCEDES-BENZ,Vito,2002,Sedan,Automatic,Front,29
13485,MERCEDES-BENZ,Vito,2003,Coupe,Manual,Front,25
10506,MERCEDES-BENZ,Vito,2010,Hatchback,Automatic,Front,23.0769
13485,MERCEDES-BENZ,Vito,2012,Hatchback,Automatic,Front,23
13799,MERCEDES-BENZ,Vito,2013,Sedan,Automatic,Front,23
15053,MERCEDES-BENZ,Vito,2014,Sedan,Automatic,Front,25
26971,MERCEDES-BENZ,Vito,2015,Sedan,Automatic,Front,23
14426,MERCEDES-BENZ,Vito,2016,Sedan,Automatic,Front,23.0769
39201,MERCEDES-BENZ,X 250 áƒ”áƒ•áƒ áƒáƒžáƒ£áƒšáƒ˜,2018,Sedan,Automatic,Front,22
50805,MERCEDES-BENZ,X 250,2019,Sedan,Automatic,Front,20
50805,MERCURY,Mariner Hybrid,2009,Sedan,Automatic,Front,31
10036,MERCURY,Mariner,2009,Minivan,Automatic,Front,23
10976,MINI,Cooper CLUBMAN,2009,Coupe,Manual,Rear,34
10976,MINI,Cooper F-56,2014,Coupe,Manual,Rear,30
10976,MINI,Cooper S Cabrio R56,2010,Sedan,Manual,Rear,32
21012,MINI,Cooper S,2015,Sedan,Manual,Rear,27
20385,MINI,Cooper,2008,Minivan,Automatic,Front,30.7692
119172,MINI,Cooper,2011,Sedan,Automatic,Rear,27
13485,MINI,Cooper,2013,Sedan,Manual,Rear,28.2051
39201,MINI,Cooper,2014,Sedan,Automatic,Rear,27
21953,MINI,Cooper,2017,Jeep,Automatic,4x4,28
11290,MINI,Countryman S turbo,2016,Microbus,Manual,Rear,24
15681,MINI,Countryman,2011,Sedan,Automatic,Rear,26
15994,MINI,Countryman,2012,Goods wagon,Manual,Rear,24.359
13485,MINI,Countryman,2013,Sedan,Automatic,Rear,23
15053,MINI,Countryman,2014,Sedan,Automatic,Rear,24.359
22894,MITSUBISHI,Airtrek,2004,Microbus,Manual,Rear,29
13500,MITSUBISHI,Delica 5,2000,Microbus,Manual,Rear,30.7692
32615,MITSUBISHI,Delica,1996,Sedan,Automatic,Rear,27
11917,MITSUBISHI,Delica,2001,Hatchback,Automatic,Front,30.7692
17249,MITSUBISHI,Delica,2002,Hatchback,Automatic,Front,27
40769,MITSUBISHI,Delica,2005,Sedan,Manual,Rear,26
10976,MITSUBISHI,Eclipse ES,2018,Sedan,Automatic,Rear,28
10976,MITSUBISHI,Grandis,2007,Sedan,Manual,Rear,24
14113,MITSUBISHI,L 200,1998,Sedan,Manual,Rear,22
10976,MITSUBISHI,L 200,2006,Sedan,Manual,Rear,23
40769,MITSUBISHI,L 200,2007,Sedan,Manual,Rear,31
10976,MITSUBISHI,L 200,2008,Sedan,Manual,Rear,33.3333
29793,MITSUBISHI,L 200,2010,Sedan,Automatic,Rear,31
10036,MITSUBISHI,L 200,2011,Sedan,Automatic,Rear,26
11290,MITSUBISHI,L 200,2015,Sedan,Manual,Front,31
10036,MITSUBISHI,L 200,2017,Sedan,Manual,Rear,29
10349,MITSUBISHI,L 200,2019,Goods wagon,Manual,Rear,32
10976,MITSUBISHI,Lancer GT,2013,Sedan,Automatic,Rear,25
17562,MITSUBISHI,Montero Sport,2002,Sedan,Automatic,Rear,27
21639,MITSUBISHI,Outlander áƒ¡áƒžáƒáƒ áƒ¢,2014,Sedan,Manual,Rear,32
21326,MITSUBISHI,Outlander SE,2017,Sedan,Manual,Rear,35
15367,MITSUBISHI,Outlander Sport,2011,Sedan,Manual,Rear,28.2051
10820,MITSUBISHI,Outlander SPORT,2014,Sedan,Manual,Rear,27
12544,MITSUBISHI,Outlander sport,2015,Sedan,Automatic,Rear,23
15681,MITSUBISHI,Outlander SPORT,2016,Sedan,Manual,Rear,23
16621,MITSUBISHI,Outlander sport,2018,Sedan,Automatic,Rear,24
11290,MITSUBISHI,Outlander xl,2015,Universal,Automatic,Rear,24.359
11604,MITSUBISHI,Outlander,2003,Sedan,Automatic,Rear,23.0769
29793,MITSUBISHI,Outlander,2005,Sedan,Automatic,Rear,22
24462,MITSUBISHI,Outlander,2006,Sedan,Automatic,Rear,21.7949
26971,MITSUBISHI,Outlander,2010,Coupe,Automatic,Front,19.2308
25089,MITSUBISHI,Outlander,2011,Sedan,Automatic,Rear,25
29479,MITSUBISHI,Outlander,2012,Sedan,Automatic,Rear,24
67426,MITSUBISHI,Outlander,2013,Sedan,Automatic,Rear,24.359
21639,MITSUBISHI,Outlander,2015,Sedan,Automatic,Rear,27
15367,MITSUBISHI,Outlander,2016,Sedan,Automatic,4x4,23
18817,MITSUBISHI,Outlander,2018,Sedan,Automatic,4x4,23.0769
33556,MITSUBISHI,Outlander,2020,Sedan,Automatic,Rear,24
49237,MITSUBISHI,Pajero IO,1998,Sedan,Automatic,Rear,22
11290,MITSUBISHI,Pajero IO,2000,Sedan,Manual,Rear,21.7949
10976,MITSUBISHI,Pajero IO,2003,Sedan,Automatic,Rear,20
17249,MITSUBISHI,Pajero IO,2004,Sedan,Automatic,Rear,19.2308
28222,MITSUBISHI,Pajero IO,2005,Sedan,Automatic,Rear,25
46728,MITSUBISHI,Pajero,1992,Coupe,Automatic,Rear,31
17249,MITSUBISHI,Pajero,1995,Goods wagon,Manual,Front,27
35438,MITSUBISHI,Pajero,1996,Coupe,Automatic,Rear,23.0769
49864,MITSUBISHI,Pajero,1998,Sedan,Automatic,Front,27
39201,MITSUBISHI,Pajero,2000,Sedan,Automatic,Front,28
21326,MITSUBISHI,Pajero,2002,Sedan,Automatic,Front,28
58018,MITSUBISHI,Pajero,2008,Sedan,Automatic,Front,28
15994,MITSUBISHI,Pajero,2009,Coupe,Automatic,Rear,27
11917,MITSUBISHI,Pajero,2010,Sedan,Automatic,Rear,28
10976,MITSUBISHI,Pajero,2020,Coupe,Automatic,Rear,24.359
18817,MITSUBISHI,RVR,2012,Coupe,Automatic,Rear,24.359
65858,MOSKVICH,400,1953,Sedan,Automatic,4x4,24
21326,NISSAN,370Z,2014,Sedan,Automatic,Rear,21
121524,NISSAN,Altima,2009,Sedan,Automatic,Rear,25
87027,NISSAN,Altima,2015,Coupe,Automatic,4x4,22
26971,NISSAN,Altima,2017,Coupe,Automatic,4x4,23
19130,NISSAN,Altima,2019,Sedan,Automatic,Front,20
100355,NISSAN,Fuga,2008,Sedan,Automatic,4x4,22
10976,NISSAN,Fuga,2014,Sedan,Manual,Rear,20
10349,NISSAN,Juke Juke,2012,Sedan,Manual,Rear,19
15994,NISSAN,Juke Nismo RS,2014,Sedan,Automatic,Rear,20
18817,NISSAN,Juke nismo,2013,Sedan,Automatic,Rear,17
50178,NISSAN,Juke Nismo,2015,Sedan,Automatic,Rear,24
15681,NISSAN,Juke,2010,Sedan,Automatic,Rear,23
42337,NISSAN,Juke,2011,Sedan,Automatic,Rear,23
10976,NISSAN,Juke,2015,Sedan,Automatic,Rear,22
10349,NISSAN,Juke,2016,Sedan,Manual,Rear,22
17249,NISSAN,Juke,2017,Sedan,Manual,Rear,32.0513
10976,NISSAN,Kicks SR,2018,Sedan,Manual,Rear,27
19757,NISSAN,Kicks,2018,Sedan,Manual,Rear,24
18189,NISSAN,March,2013,Sedan,Automatic,Rear,25
29166,NISSAN,March,2014,Sedan,Automatic,Rear,28
14113,NISSAN,March,2015,Sedan,Manual,Rear,22
56450,NISSAN,Micra <DIESEL>,2010,Sedan,Automatic,Rear,25
10349,NISSAN,Murano,2003,Sedan,Automatic,Rear,24
22894,NISSAN,Murano,2005,Sedan,Automatic,Rear,24.359
12544,NISSAN,Murano,2008,Sedan,Manual,Rear,23.0769
11604,NISSAN,Murano,2011,Sedan,Automatic,Rear,22
14113,NISSAN,Navara,2007,Sedan,Automatic,Rear,21.7949
13485,NISSAN,Navara,2008,Sedan,Automatic,Rear,19.2308
11604,NISSAN,Navara,2011,Sedan,Manual,Rear,24
10976,NISSAN,Note,2012,Sedan,Automatic,Rear,25
22580,NISSAN,Pathfinder,1999,Sedan,Automatic,Rear,21
89379,NISSAN,Pathfinder,2001,Sedan,Automatic,Rear,27
15500,NISSAN,Pathfinder,2010,Sedan,Automatic,4x4,27
11000,NISSAN,Pathfinder,2012,Sedan,Automatic,4x4,23.0769
12500,NISSAN,Patrol Y60,1990,Sedan,Automatic,Rear,22
12544,NISSAN,Patrol,1990,Sedan,Automatic,Rear,22
18817,NISSAN,Patrol,2000,Sedan,Automatic,Rear,21
19757,NISSAN,Patrol,2010,Sedan,Automatic,Rear,19.2308
21639,NISSAN,Qashqai Advance CVT,2018,Sedan,Automatic,4x4,25
22580,NISSAN,Quest 2016,2016,Sedan,Automatic,Rear,23
16308,NISSAN,Quest,2003,Sedan,Automatic,Rear,24.359
17249,NISSAN,Quest,2011,Sedan,Automatic,Rear,28
18817,NISSAN,Quest,2013,Sedan,Manual,Rear,28
21326,NISSAN,Rogue Sport,2017,Sedan,Automatic,4x4,27
12388,NISSAN,Rogue,2008,Sedan,Automatic,4x4,28
21326,NISSAN,Rogue,2010,Sedan,Automatic,Rear,25
13172,NISSAN,Rogue,2011,Sedan,Automatic,4x4,23.0769
14113,NISSAN,Rogue,2012,Sedan,Automatic,4x4,28
34184,NISSAN,Rogue,2015,Sedan,Automatic,Rear,30
15681,NISSAN,Rogue,2018,Sedan,Automatic,4x4,27
20698,NISSAN,Sentra,2013,Coupe,Automatic,Rear,28.2051
51746,NISSAN,Sentra,2016,Sedan,Automatic,Rear,27
30107,NISSAN,Serena,2003,Sedan,Automatic,Rear,22
10036,NISSAN,Serena,2005,Sedan,Manual,Rear,23
15681,NISSAN,Serena,2010,Sedan,Automatic,Rear,24.359
16621,NISSAN,Serena,2012,Sedan,Automatic,Rear,28
20385,NISSAN,Serena,2014,Jeep,Manual,4x4,21.7949
15681,NISSAN,Silvia,1999,Jeep,Manual,4x4,23
43905,NISSAN,Tiida 2008,2008,Jeep,Automatic,4x4,26.9231
194438,NISSAN,Tiida,2004,Jeep,Automatic,4x4,28
40769,NISSAN,Tiida,2006,Jeep,Automatic,4x4,32.0513
87811,NISSAN,Tiida,2007,Jeep,Automatic,4x4,28.2051
83891,NISSAN,Tiida,2012,Jeep,Automatic,4x4,27
42965,NISSAN,Versa SE,2018,Jeep,Automatic,4x4,24
31675,NISSAN,Versa,2011,Jeep,Automatic,4x4,23
25089,NISSAN,Versa,2014,Jeep,Automatic,4x4,27
36065,NISSAN,Versa,2016,Jeep,Automatic,4x4,27
45473,NISSAN,Versa,2017,Jeep,Automatic,4x4,22
12858,NISSAN,X-Terra,2002,Jeep,Automatic,4x4,23
24775,NISSAN,X-Terra,2003,Jeep,Automatic,4x4,19
21000,NISSAN,X-Terra,2004,Jeep,Automatic,4x4,22
43905,NISSAN,X-Terra,2006,Jeep,Automatic,4x4,22
37633,NISSAN,X-Terra,2010,Jeep,Automatic,4x4,21
35752,NISSAN,X-Terra,2011,Jeep,Automatic,4x4,30
42965,NISSAN,X-Terra,2012,Jeep,Automatic,4x4,32
32302,NISSAN,X-Trail gt,2002,Jeep,Automatic,4x4,26
47982,NISSAN,X-Trail NISSAN X TRAIL R,2006,Jeep,Automatic,4x4,25
77775,NISSAN,X-Trail,2000,Jeep,Automatic,4x4,21
77148,NISSAN,X-Trail,2002,Jeep,Automatic,4x4,23
16308,NISSAN,X-Trail,2003,Jeep,Automatic,4x4,23
12858,NISSAN,X-Trail,2006,Jeep,Automatic,Front,30
42651,NISSAN,X-Trail,2016,Jeep,Automatic,4x4,22
17562,NISSAN,X-Trail,2018,Jeep,Automatic,Front,17.9487
68994,OPEL,Astra A.H,2005,Jeep,Automatic,4x4,21
37320,OPEL,Astra G,2003,Jeep,Automatic,4x4,20
43592,OPEL,Astra GTC 1.9 turbo dies,2008,Jeep,Automatic,Rear,27
29793,OPEL,Astra,2001,Jeep,Automatic,4x4,24
29793,OPEL,Astra,2004,Jeep,Automatic,Rear,23
193184,OPEL,Astra,2006,Jeep,Automatic,4x4,27
141124,OPEL,Combo TDI,2006,Coupe,Automatic,4x4,27
13015,OPEL,Combo,1999,Jeep,Automatic,4x4,22
36065,OPEL,Combo,2009,Jeep,Automatic,4x4,35.8974
12858,OPEL,Corsa,2007,Jeep,Automatic,Rear,26.9231
45160,OPEL,Corsa,2009,Jeep,Automatic,4x4,28
21500,OPEL,Meriva,2008,Jeep,Automatic,4x4,28.2051
27598,OPEL,Vectra c,2003,Jeep,Automatic,4x4,24
11917,OPEL,Vectra,2000,Jeep,Automatic,4x4,26
23207,OPEL,Vectra,2007,Jeep,Automatic,4x4,27
29793,OPEL,Zafira B,2007,Jeep,Automatic,4x4,23
32929,OPEL,Zafira,2003,Jeep,Automatic,4x4,23
25089,OPEL,Zafira,2006,Jeep,Automatic,4x4,22
15053,OPEL,Zafira,2007,Jeep,Automatic,4x4,26
20385,OPEL,Zafira,2008,Jeep,Automatic,4x4,35.8974
10663,OPEL,Zafira,2009,Jeep,Automatic,4x4,22
32929,OPEL,Zafira,2010,Jeep,Automatic,4x4,22
32929,PEUGEOT,207,2007,Jeep,Automatic,4x4,19
39829,PEUGEOT,3008 2.0,2018,Jeep,Automatic,4x4,22
34497,PEUGEOT,407,2005,Jeep,Automatic,Front,21
59272,PEUGEOT,508,2014,Jeep,Automatic,4x4,20
23207,PORSCHE,911 meqanika,1998,Jeep,Automatic,4x4,29
46414,PORSCHE,911,2002,Jeep,Automatic,4x4,30.7692
15681,PORSCHE,911,2016,Jeep,Automatic,4x4,26
22894,PORSCHE,Cayenne S,2004,Jeep,Automatic,4x4,30
15681,PORSCHE,Cayenne,2008,Jeep,Automatic,4x4,25
42965,PORSCHE,Cayenne,2010,Jeep,Automatic,4x4,21
20385,PORSCHE,Cayenne,2014,Jeep,Automatic,4x4,23.0769
25716,PORSCHE,Cayenne,2016,Minivan,Automatic,Rear,21
20385,PORSCHE,Cayenne,2017,Jeep,Automatic,4x4,23
29793,PORSCHE,Cayman,2018,Sedan,Automatic,Rear,23
31361,PORSCHE,macan,2018,Sedan,Automatic,Rear,22
130148,PORSCHE,Panamera,2015,Sedan,Automatic,Rear,26
10976,RENAULT,Clio,2010,Sedan,Automatic,Rear,22
10349,RENAULT,Clio,2013,Sedan,Automatic,Rear,24
10976,RENAULT,Duster,2014,Sedan,Automatic,Rear,32
10976,RENAULT,Duster,2017,Sedan,Automatic,Rear,26
31361,RENAULT,Kangoo Waggon,2009,Sedan,Automatic,Rear,27
34500,RENAULT,Megane 1.5CDI,2008,Sedan,Automatic,4x4,29
48610,RENAULT,Megane 1.9 CDI,2008,Sedan,Automatic,Rear,28
19444,RENAULT,Megane 1.9CDI,2008,Sedan,Automatic,Rear,26
86243,RENAULT,Megane GT Line,2012,Sedan,Automatic,Rear,22
15994,RENAULT,Megane,2006,Hatchback,Automatic,4x4,29
74953,RENAULT,Megane,2008,Sedan,Automatic,Rear,32
13172,RENAULT,Megane,2009,Cabriolet,Automatic,Rear,30
13485,RENAULT,Megane,2010,Coupe,Automatic,Rear,28
13000,RENAULT,Scenic,2007,Microbus,Manual,Rear,24
31361,RENAULT,Scenic,2008,Universal,Manual,Rear,23.0769
19757,RENAULT,Scenic,2009,Microbus,Manual,Rear,29
29166,SATURN,Vue,2008,Microbus,Manual,Rear,28
27582,SCION,iA isti,2006,Microbus,Automatic,Rear,31
25089,SCION,tC,2010,Goods wagon,Manual,Rear,34
18817,SCION,xD,2010,Microbus,Manual,Rear,30
31361,SCION,xD,2014,Microbus,Manual,Front,31
31361,SKODA,Fabia,2009,Microbus,Manual,Rear,34
47042,SKODA,Fabia,2010,Microbus,Manual,Rear,30
19726,SKODA,Octavia SCOUT,2011,Goods wagon,Manual,Rear,30
95000,SKODA,Octavia,2009,Microbus,Manual,Rear,30
85702,SKODA,Octavia,2011,Microbus,Manual,Rear,28
87021,SKODA,Octavia,2012,Microbus,Manual,Rear,30
21953,SKODA,Octavia,2013,Microbus,Manual,Rear,27
42651,SKODA,Octavia,2019,Minivan,Manual,Rear,27
10973,SSANGYONG,Actyon,2015,Microbus,Manual,Rear,27
10349,SSANGYONG,Actyon,2019,Microbus,Manual,Rear,26
15053,SSANGYONG,Korando,2011,Microbus,Manual,Rear,28.2051
10000,SSANGYONG,Korando,2014,Microbus,Manual,Rear,29
19444,SSANGYONG,Korando,2016,Microbus,Manual,Rear,32.0513
13482,SSANGYONG,REXTON SUPER,2010,Microbus,Manual,Rear,29
10349,SSANGYONG,REXTON,2009,Microbus,Manual,Rear,31
27000,SSANGYONG,REXTON,2010,Microbus,Manual,Rear,33
29793,SSANGYONG,REXTON,2011,Microbus,Manual,4x4,34
31361,SSANGYONG,REXTON,2012,Microbus,Manual,Rear,22
15053,SSANGYONG,REXTON,2013,Microbus,Manual,Rear,30
12544,SSANGYONG,REXTON,2014,Microbus,Manual,Rear,28
21953,SSANGYONG,REXTON,2015,Microbus,Manual,Rear,26
23204,SSANGYONG,REXTON,2016,Microbus,Manual,Rear,25
54882,SSANGYONG,REXTON,2017,Microbus,Manual,Rear,36
40769,SUBARU,B9 Tribeca,2008,Microbus,Manual,Rear,24
25089,SUBARU,BRZ,2015,Microbus,Manual,Rear,24
25500,SUBARU,Crosstrek,2014,Microbus,Manual,Rear,25
65858,SUBARU,Crosstrek,2019,Microbus,Manual,Rear,24
29793,SUBARU,Forester 4x4,2013,Microbus,Automatic,Rear,24
35124,SUBARU,Forester cross sport,2004,Goods wagon,Manual,Rear,31
24148,SUBARU,Forester L.L.BEAN,2004,Microbus,Manual,Rear,28
39201,SUBARU,Forester XT,2015,Microbus,Manual,Rear,30
10976,SUBARU,Forester,2003,Minivan,Manual,Front,26.9231
17562,SUBARU,Forester,2005,Minivan,Automatic,Rear,29
37633,SUBARU,Forester,2006,Minivan,Manual,Rear,32
28852,SUBARU,Forester,2009,Minivan,Manual,Rear,31
43905,SUBARU,Forester,2010,Minivan,Manual,Rear,34
47042,SUBARU,Forester,2011,Minivan,Manual,Rear,30
18817,SUBARU,Forester,2012,Minivan,Manual,Rear,30
17249,SUBARU,Forester,2013,Goods wagon,Manual,Rear,28
24462,SUBARU,Forester,2014,Microbus,Manual,Rear,31
28222,SUBARU,Forester,2015,Minivan,Manual,Rear,33
10976,SUBARU,Impreza Sport,2018,Minivan,Manual,Rear,31
20385,SUBARU,Impreza WRX/STI LIMITED,2016,Minivan,Manual,Rear,34
72130,SUBARU,Impreza,2009,Minivan,Manual,Front,33
45473,SUBARU,Impreza,2013,Minivan,Manual,Rear,33
13000,SUBARU,Legacy,2004,Microbus,Manual,Front,29
11917,SUBARU,Legacy,2006,Minivan,Automatic,Front,32
10036,SUBARU,Outback,2012,Minivan,Manual,Front,26.9231
10032,SUBARU,XV,2013,Goods wagon,Manual,Rear,20
10663,SUZUKI,Grand Vitara,2000,Minivan,Manual,Front,21
10036,SUZUKI,Grand Vitara,2002,Minivan,Manual,Front,24
19444,SUZUKI,Grand Vitara,2005,Microbus,Manual,Front,19.2308
18817,SUZUKI,Grand Vitara,2006,Microbus,Manual,Rear,30
27284,SUZUKI,Grand Vitara,2008,Minivan,Automatic,Rear,27
15681,SUZUKI,HUSTLER,2014,Goods wagon,Manual,Rear,27
21953,SUZUKI,Jimny GLX,2019,Minivan,Manual,Front,23
18817,SUZUKI,Jimny,2000,Minivan,Manual,Rear,23
37633,SUZUKI,Kizashi,2010,Minivan,Manual,Rear,26
31988,SUZUKI,Kizashi,2013,Minivan,Automatic,Rear,28
34497,SUZUKI,Samurai,1982,Minivan,Manual,Rear,26
30000,SUZUKI,Samurai,1984,Minivan,Automatic,Rear,28
40456,SUZUKI,SJ 413 Samurai,1996,Microbus,Manual,Front,24.359
38574,SUZUKI,SX4,2006,Minivan,Manual,Rear,28
23521,SUZUKI,SX4,2008,Minivan,Manual,Rear,30
45473,SUZUKI,SX4,2011,Minivan,Automatic,Front,26
65858,SUZUKI,Vitara GL+,2019,Minivan,Manual,Rear,26
49864,SUZUKI,Vitara,2018,Minivan,Manual,Rear,23.0769
59586,SUZUKI,XL7 limited,2002,Minivan,Automatic,Rear,23
109764,SUZUKI,XL7,2005,Pickup,Automatic,4x4,25
116036,TESLA,Model X,2018,Pickup,Automatic,4x4,22
15681,TOYOTA,4Runner,1999,Jeep,Automatic,Front,23
19757,TOYOTA,4Runner,2003,Jeep,Automatic,Front,23
10349,TOYOTA,4Runner,2004,Coupe,Automatic,Front,22
18503,TOYOTA,4Runner,2005,Coupe,Manual,Front,21.7949
14113,TOYOTA,4Runner,2006,Coupe,Manual,Front,16.6667
23678,TOYOTA,4Runner,2007,Hatchback,Manual,Front,25
14113,TOYOTA,4Runner,2008,Hatchback,Automatic,Front,27
12300,TOYOTA,4Runner,2010,Sedan,Automatic,Front,31
27911,TOYOTA,4Runner,2011,Coupe,Manual,Front,33
21012,TOYOTA,4Runner,2014,Universal,Manual,Front,34
21482,TOYOTA,4Runner,2015,Coupe,Automatic,Front,31
21326,TOYOTA,4Runner,2016,Hatchback,Automatic,4x4,33
18817,TOYOTA,4Runner,2017,Hatchback,Automatic,Front,34
19757,TOYOTA,4Runner,2018,Jeep,Manual,Front,34
18503,TOYOTA,Alphard,2003,Jeep,Manual,Front,28
13000,TOYOTA,Alphard,2005,Jeep,Automatic,4x4,27
18033,TOYOTA,Alphard,2006,Jeep,Manual,Front,19.2308
25716,TOYOTA,Altezza,2002,Hatchback,Automatic,Front,20
10663,TOYOTA,Aqua HIBRID,2013,Universal,Automatic,4x4,20
14740,TOYOTA,Aqua s,2014,Minivan,Automatic,4x4,24
15367,TOYOTA,Aqua sport,2012,Minivan,Automatic,4x4,26
13172,TOYOTA,Auris,2015,Minivan,Automatic,4x4,23.0769
16621,TOYOTA,Auris,2016,Minivan,Automatic,4x4,24
19757,TOYOTA,Avalon LIMITED,2013,Minivan,Automatic,4x4,23
20385,TOYOTA,Avalon,2013,Minivan,Automatic,4x4,32
27441,TOYOTA,Avalon,2014,Jeep,Automatic,4x4,22
12544,TOYOTA,Avalon,2015,Jeep,Automatic,Front,23
16935,TOYOTA,Avensis,2004,Pickup,Manual,4x4,23.0769
19444,TOYOTA,BB,2006,Pickup,Manual,4x4,24
32929,TOYOTA,Belta,2007,Jeep,Manual,4x4,21
23521,TOYOTA,Camry Hybrid,2012,Pickup,Manual,4x4,20
23521,TOYOTA,Camry Hybrid,2018,Pickup,Manual,4x4,21
32929,TOYOTA,Camry LE,2012,Pickup,Manual,4x4,19
48610,TOYOTA,Camry S,2007,Pickup,Manual,4x4,20
45473,TOYOTA,Camry SE HIBRYD,2015,Pickup,Manual,4x4,24
74639,TOYOTA,Camry SE,2009,Pickup,Manual,4x4,23
10820,TOYOTA,Camry SE,2013,Hatchback,Automatic,Front,23
12231,TOYOTA,Camry SE,2014,Coupe,Automatic,4x4,22
21639,TOYOTA,Camry SE,2015,Jeep,Automatic,4x4,24
21169,TOYOTA,Camry SE,2016,Jeep,Automatic,Front,28
20385,TOYOTA,Camry SE,2017,Jeep,Automatic,4x4,24.359
18660,TOYOTA,Camry SE,2018,Jeep,Automatic,4x4,28
19444,TOYOTA,Camry se,2019,Jeep,Automatic,Front,26
21796,TOYOTA,Camry sport,2014,Jeep,Automatic,Front,28.2051
31204,TOYOTA,Camry XLE,2010,Jeep,Automatic,Front,19
28225,TOYOTA,Camry XLE,2012,Jeep,Automatic,Front,37
10036,TOYOTA,Camry XLE,2013,Universal,Automatic,Front,37
13172,TOYOTA,Camry XLE,2014,Jeep,Manual,4x4,31
10976,TOYOTA,Camry XLE,2015,Jeep,Automatic,4x4,33
17562,TOYOTA,Camry XLEi,2015,Jeep,Automatic,4x4,34
14740,TOYOTA,Camry XV50,2014,Jeep,Automatic,Front,33
11604,TOYOTA,Camry,2017,Jeep,Automatic,Front,33
20071,TOYOTA,Camry,2020,Jeep,Automatic,4x4,26.9231
20900,TOYOTA,CHR,2017,Jeep,Automatic,4x4,19
26971,TOYOTA,CHR,2018,Jeep,Automatic,4x4,20
25559,TOYOTA,Corolla 04,2013,Jeep,Automatic,4x4,28
20855,TOYOTA,Corolla IM,2015,Jeep,Automatic,Front,20
21953,TOYOTA,Corolla IM,2016,Jeep,Automatic,4x4,23
31988,TOYOTA,Corolla LE,2010,Jeep,Automatic,Front,32
78403,TOYOTA,Corolla LE,2012,Jeep,Automatic,4x4,24.359
10036,TOYOTA,Corolla LE,2014,Jeep,Automatic,4x4,24
10976,TOYOTA,Corolla LE,2015,Jeep,Automatic,4x4,19.2308
12544,TOYOTA,Corolla S,2015,Jeep,Automatic,4x4,22
12544,TOYOTA,Corolla S,2016,Jeep,Automatic,4x4,18
11917,TOYOTA,Corolla,2005,Jeep,Automatic,4x4,32
11650,TOYOTA,Corolla,2009,Jeep,Automatic,4x4,19
10349,TOYOTA,Corolla,2013,Jeep,Automatic,4x4,30
11290,TOYOTA,Corolla,2014,Jeep,Automatic,4x4,31
10349,TOYOTA,Corolla,2015,Jeep,Automatic,4x4,32
14113,TOYOTA,Corolla,2016,Jeep,Automatic,4x4,32
11604,TOYOTA,Corolla,2017,Jeep,Automatic,4x4,30
10100,TOYOTA,Corolla,2018,Jeep,Manual,4x4,30.7692
13172,TOYOTA,Estima,2009,Jeep,Manual,4x4,30.7692
12544,TOYOTA,FJ Cruiser,2008,Jeep,Automatic,4x4,27
18817,TOYOTA,Fortuner,2017,Jeep,Manual,4x4,27
16500,TOYOTA,Grand HIACE,2001,Jeep,Automatic,4x4,19
10349,TOYOTA,Hiace,2004,Jeep,Manual,4x4,14
36065,TOYOTA,Hiace,2010,Jeep,Automatic,4x4,20
94083,TOYOTA,"Highlander 2,4",2007,Jeep,Automatic,4x4,24
13000,TOYOTA,Highlander 2.4 lit,2006,Hatchback,Automatic,Front,46
15681,TOYOTA,Highlander LIMITED,2008,Hatchback,Manual,Rear,53
11133,TOYOTA,Highlander LIMITED,2009,Coupe,Automatic,Rear,43
11604,TOYOTA,Highlander limited,2010,Sedan,Automatic,Front,38
25089,TOYOTA,Highlander sport,2012,Sedan,Automatic,Front,45
23207,TOYOTA,Highlander,2006,Sedan,Automatic,Rear,18
27284,TOYOTA,Highlander,2009,Sedan,Automatic,Front,30
21326,TOYOTA,Highlander,2010,Sedan,Automatic,Front,30
10976,TOYOTA,Highlander,2015,Sedan,Automatic,Rear,35
17000,TOYOTA,Highlander,2016,Sedan,Automatic,Front,36
21953,TOYOTA,Highlander,2017,Jeep,Automatic,Front,37.1795
23521,TOYOTA,Highlander,2018,Jeep,Manual,Front,31
26657,TOYOTA,Hilux Surf,1998,Jeep,Manual,Front,32.0513
23521,TOYOTA,Hilux,2004,Jeep,Manual,Front,31
17249,TOYOTA,Hilux,2006,Jeep,Automatic,Front,27
20385,TOYOTA,Hilux,2007,Jeep,Automatic,Front,23
20385,TOYOTA,Hilux,2016,Jeep,Automatic,Rear,42.3077
14426,TOYOTA,Hilux,2017,Jeep,Automatic,4x4,24
22580,TOYOTA,Ipsum S,2004,Jeep,Manual,Front,22
23207,TOYOTA,Ipsum,2007,Jeep,Automatic,4x4,33
16935,TOYOTA,ISIS,2007,Jeep,Automatic,Front,35
23521,TOYOTA,ISIS,2010,Jeep,Manual,Front,35
20385,TOYOTA,Ist 1.5,2002,Jeep,Automatic,4x4,37
27284,TOYOTA,Ist,2003,Jeep,Automatic,Front,33
29950,TOYOTA,Ist,2010,Jeep,Automatic,Front,37
25089,TOYOTA,Ist,2011,Jeep,Automatic,Front,40
15470,TOYOTA,Ist,2014,Hatchback,Automatic,Front,35.8974
19883,TOYOTA,Land Cruiser 100,2001,Hatchback,Automatic,Front,23.0769
23935,TOYOTA,Land Cruiser 80,1993,Hatchback,Automatic,Front,36
16621,TOYOTA,Land Cruiser Prado RX,1997,Sedan,Manual,Front,33.3333
10036,TOYOTA,Land Cruiser Prado,1997,Jeep,Automatic,4x4,35.8974
20385,TOYOTA,Land Cruiser Prado,2000,Jeep,Automatic,4x4,30
10036,TOYOTA,Land Cruiser Prado,2001,Jeep,Automatic,4x4,31
14113,TOYOTA,Land Cruiser Prado,2002,Jeep,Automatic,4x4,30
25716,TOYOTA,Land Cruiser Prado,2005,Pickup,Automatic,4x4,32
22580,TOYOTA,Land Cruiser Prado,2006,Pickup,Manual,4x4,24
26657,TOYOTA,Land Cruiser Prado,2010,Pickup,Manual,4x4,24
10663,TOYOTA,Land Cruiser Prado,2014,Hatchback,Automatic,Front,32.0513
13172,TOYOTA,Land Cruiser,1993,Jeep,Automatic,4x4,24
13485,TOYOTA,Land Cruiser,2001,Jeep,Manual,4x4,33
22894,TOYOTA,Land Cruiser,2002,Sedan,Automatic,4x4,37.1795
27284,TOYOTA,Land Cruiser,2004,Jeep,Automatic,4x4,37
26657,TOYOTA,Land Cruiser,2006,Jeep,Automatic,4x4,42
19757,TOYOTA,Land Cruiser,2009,Jeep,Manual,Rear,46
18817,TOYOTA,Land Cruiser,2015,Jeep,Manual,Rear,31
26657,TOYOTA,Land Cruiser,2018,Jeep,Manual,4x4,31
42337,TOYOTA,Matrix XR,2003,Jeep,Manual,4x4,30
25000,TOYOTA,Noah,2004,Jeep,Automatic,4x4,31
47042,TOYOTA,Prius 1.5I,2009,Minivan,Automatic,Front,39.7436
12000,TOYOTA,Prius 11,2008,Minivan,Automatic,Front,19
23207,TOYOTA,Prius 9,2007,Minivan,Automatic,Front,40
34497,TOYOTA,Prius áƒ¤áƒšáƒáƒ’áƒ˜áƒœáƒ˜,2012,Minivan,Automatic,Front,40
34497,TOYOTA,Prius BLUG-IN,2012,Jeep,Automatic,Front,36
13799,TOYOTA,Prius C 1.5I,2012,Sedan,Automatic,4x4,35
18189,TOYOTA,Prius C 2013,2013,Jeep,Automatic,4x4,37
15367,TOYOTA,Prius C 80 original,2014,Jeep,Automatic,4x4,41.0256
12544,TOYOTA,Prius C áƒ°áƒ˜áƒ‘áƒ áƒ˜áƒ“áƒ˜,2012,Jeep,Automatic,Front,35.8974
22580,TOYOTA,Prius C aqua,2012,Jeep,Automatic,4x4,36
17562,TOYOTA,Prius C Hybrid,2014,Jeep,Automatic,4x4,30.7692
39201,TOYOTA,Prius C Navigation,2013,Jeep,Automatic,4x4,26
17876,TOYOTA,Prius C YARIS IA,2015,Sedan,Automatic,Front,20
17245,TOYOTA,Prius C,2016,Sedan,Automatic,Front,25
10036,TOYOTA,Prius C,2017,Minivan,Automatic,Front,36
10663,TOYOTA,Prius C,2018,Minivan,Automatic,Front,36
14500,TOYOTA,Prius plagin,2013,Minivan,Automatic,Front,32
13172,TOYOTA,Prius Plug IN,2012,Minivan,Automatic,Front,33.3333
23521,TOYOTA,Prius plugin,2012,Minivan,Automatic,4x4,37
23834,TOYOTA,Prius plug-in,2013,Coupe,Manual,Rear,43
10036,TOYOTA,Prius S,2010,Sedan,Automatic,Front,48
10349,TOYOTA,Prius TSS LIMITED,2012,Hatchback,Automatic,4x4,47
11917,TOYOTA,Prius V ALPINA,2015,Sedan,Automatic,Front,19
10349,TOYOTA,Prius V HIBRID,2011,Sedan,Manual,Front,51
11290,TOYOTA,Prius,2020,Sedan,Automatic,Front,40
15681,TOYOTA,Ractis,2014,Sedan,Automatic,Front,40
10663,TOYOTA,RAV 4 Dizel,2014,Hatchback,Automatic,Front,30
10976,TOYOTA,RAV 4 L,2002,Hatchback,Automatic,Front,30.7692
10506,TOYOTA,RAV 4 LIMITED,2016,Sedan,Automatic,Front,29
10976,TOYOTA,RAV 4 se,2017,Sedan,Automatic,Front,31
10976,TOYOTA,RAV 4,2002,Jeep,Manual,4x4,31
10976,TOYOTA,RAV 4,2003,Jeep,Automatic,4x4,21.7949
10976,TOYOTA,RAV 4,2005,Jeep,Manual,4x4,21.7949
13799,TOYOTA,RAV 4,2006,Jeep,Automatic,4x4,50
16621,TOYOTA,RAV 4,2007,Jeep,Automatic,4x4,19
18503,TOYOTA,RAV 4,2008,Jeep,Automatic,4x4,42
19500,TOYOTA,RAV 4,2010,Jeep,Automatic,4x4,39
23521,TOYOTA,RAV 4,2011,Jeep,Manual,4x4,39
21953,TOYOTA,RAV 4,2012,Jeep,Automatic,4x4,32
18503,TOYOTA,RAV 4,2013,Jeep,Automatic,4x4,42
10976,TOYOTA,RAV 4,2014,Jeep,Automatic,4x4,28
12231,TOYOTA,RAV 4,2017,Jeep,Automatic,4x4,40
10663,TOYOTA,Sienna,2014,Jeep,Automatic,4x4,35
11604,TOYOTA,Sienna,2015,Jeep,Automatic,4x4,20
12544,TOYOTA,Sienta,2015,Jeep,Manual,4x4,20
11604,TOYOTA,Sienta,2018,Jeep,Automatic,4x4,54
10976,TOYOTA,Tacoma TRD Off Road,2013,Jeep,Manual,4x4,54
10036,TOYOTA,Tacoma,2005,Jeep,Automatic,Front,38
12231,TOYOTA,Tacoma,2012,Universal,Automatic,4x4,31
14426,TOYOTA,Tacoma,2013,Jeep,Automatic,4x4,32
18000,TOYOTA,Tacoma,2017,Jeep,Automatic,4x4,28
30000,TOYOTA,Tacoma,2018,Pickup,Automatic,4x4,29
10192,TOYOTA,Tacoma,2019,Goods wagon,Manual,Front,40
10349,TOYOTA,Tacoma,2020,Hatchback,Manual,Front,42.3077
15367,TOYOTA,Tundra,2013,Hatchback,Manual,Front,33
10036,TOYOTA,Tundra,2016,Hatchback,Manual,Front,33.3333
10036,TOYOTA,Tundra,2017,Hatchback,Manual,Front,63
10976,TOYOTA,Tundra,2019,Goods wagon,Automatic,Front,21
11604,TOYOTA,Verso,2011,Goods wagon,Manual,Front,55
12544,TOYOTA,Vitz i.ll,2007,Hatchback,Manual,Front,46
12544,TOYOTA,Vitz RS,2001,Hatchback,Manual,Front,59
10976,TOYOTA,Vitz,2005,Goods wagon,Manual,Front,51
26307500,TOYOTA,Vitz,2007,Goods wagon,Manual,Front,33
10976,TOYOTA,Vitz,2010,Goods wagon,Manual,Front,31
10349,TOYOTA,Vitz,2011,Hatchback,Manual,Front,58
10349,TOYOTA,Vitz,2012,Sedan,Manual,Front,43
10349,TOYOTA,VOXY 2003,2003,Hatchback,Manual,Front,45
11604,TOYOTA,VOXY,2002,Jeep,Manual,Front,72
10036,TOYOTA,VOXY,2004,Hatchback,Manual,Front,65
10663,TOYOTA,VOXY,2007,Sedan,Manual,Front,36
10976,TOYOTA,Yaris IA,2018,Universal,Manual,Front,33
13485,TOYOTA,Yaris SE,2013,Minivan,Manual,Front,37
11917,TOYOTA,Yaris,2006,Minivan,Manual,Front,35
10036,TOYOTA,Yaris,2007,Minivan,Automatic,Front,41.0256
10300,TOYOTA,Yaris,2008,Minivan,Manual,Front,41.0256
13485,TOYOTA,Yaris,2012,Universal,Manual,Front,46
13172,UAZ,31514,1987,Universal,Manual,Front,42
11604,VAZ,2121 (Niva),2005,Minivan,Manual,Front,30
13799,VAZ,2121 (Niva),2014,Minivan,Manual,Front,21.7949
14113,VOLKSWAGEN,"1500,1600 Schtufenheck",2018,Cabriolet,Manual,Front,21.7949
80000,VOLKSWAGEN,Caddy,2007,Jeep,Automatic,4x4,30
10976,VOLKSWAGEN,Caddy,2008,Sedan,Manual,Front,30
21326,VOLKSWAGEN,Caddy,2009,Sedan,Automatic,Front,28.2051
37354,VOLKSWAGEN,Caddy,2011,Coupe,Manual,Rear,43
70562,VOLKSWAGEN,CC 2.0 T,2011,Coupe,Manual,Rear,45
308906,VOLKSWAGEN,CC R line,2011,Coupe,Automatic,Rear,48
14500,VOLKSWAGEN,CC sport,2011,Jeep,Automatic,4x4,35
23521,VOLKSWAGEN,CC,2008,Jeep,Automatic,4x4,37
21639,VOLKSWAGEN,CC,2009,Jeep,Automatic,4x4,39.7436
19444,VOLKSWAGEN,CC,2010,Jeep,Automatic,4x4,43
29166,VOLKSWAGEN,CC,2012,Jeep,Automatic,4x4,33
41083,VOLKSWAGEN,CC,2013,Jeep,Automatic,4x4,33.3333
25716,VOLKSWAGEN,"Crafter 2,5TDI",2009,Jeep,Automatic,Rear,33
46414,VOLKSWAGEN,Crafter 2.5 TDI,2009,Sedan,Automatic,4x4,40
26030,VOLKSWAGEN,Crafter,2007,Sedan,Automatic,Rear,66
14113,VOLKSWAGEN,Crafter,2009,Universal,Manual,Front,34.6154
18817,VOLKSWAGEN,Crafter,2010,Hatchback,Manual,Front,32
21953,VOLKSWAGEN,Golf 6,2012,Jeep,Manual,4x4,41
37006,VOLKSWAGEN,Golf TDI,2012,Jeep,Manual,Front,40
10976,VOLKSWAGEN,Golf TDI,2014,Goods wagon,Manual,Front,35
14583,VOLKSWAGEN,Golf,2006,Sedan,Manual,Front,41.0256
14583,VOLKSWAGEN,Golf,2007,Sedan,Manual,Front,50
14583,VOLKSWAGEN,Golf,2010,Sedan,Automatic,Front,42.3077
21639,VOLKSWAGEN,Golf,2011,Universal,Manual,Front,42
10349,VOLKSWAGEN,Golf,2012,Universal,Manual,Front,21
12858,VOLKSWAGEN,Golf,2014,Goods wagon,Manual,Front,31
13642,VOLKSWAGEN,GTI,2006,Hatchback,Manual,Front,32
18817,VOLKSWAGEN,GTI,2010,Hatchback,Automatic,Front,31
10663,VOLKSWAGEN,Jetta áƒ¡áƒžáƒáƒ áƒ¢,2016,Universal,Manual,Front,31
11604,VOLKSWAGEN,Jetta GLI,2012,Minivan,Manual,Front,31
10036,VOLKSWAGEN,Jetta Hybrid,2014,Minivan,Manual,Front,36
12544,VOLKSWAGEN,Jetta s,2017,Minivan,Manual,Front,36
13799,VOLKSWAGEN,Jetta se,2014,Jeep,Automatic,Front,32.0513
11917,VOLKSWAGEN,Jetta SE,2016,Hatchback,Automatic,Front,29
10976,VOLKSWAGEN,Jetta SE,2018,Coupe,Automatic,Front,33.3333
14113,VOLKSWAGEN,Jetta sei,2014,Hatchback,Automatic,Front,19
14897,VOLKSWAGEN,Jetta sel,2011,Hatchback,Automatic,Front,19
13799,VOLKSWAGEN,Jetta sel,2013,Hatchback,Manual,Front,19
10663,VOLKSWAGEN,Jetta SPORT,2015,Sedan,Manual,4x4,19
19757,VOLKSWAGEN,Jetta TDI,2012,Universal,Manual,4x4,34
10820,VOLKSWAGEN,Jetta TDI,2014,Sedan,Manual,Front,35.8974
11917,VOLKSWAGEN,Jetta,2006,Hatchback,Manual,Front,37
23521,VOLKSWAGEN,Jetta,2007,Universal,Manual,4x4,34
11917,VOLKSWAGEN,Jetta,2008,Sedan,Manual,Front,28.2051
16778,VOLKSWAGEN,Jetta,2009,Sedan,Manual,Front,32.0513
15500,VOLKSWAGEN,Jetta,2011,Sedan,Manual,Front,44
37633,VOLKSWAGEN,Jetta,2015,Sedan,Automatic,Front,46.1538
25139,VOLKSWAGEN,Jetta,2016,Jeep,Automatic,Front,51
43868,VOLKSWAGEN,Jetta,2017,Jeep,Automatic,Front,44.8718
22545,VOLKSWAGEN,Jetta,2019,Jeep,Automatic,Front,38
20244,VOLKSWAGEN,Passat 2.0 tfsi,2007,Jeep,Automatic,Front,40
27654,VOLKSWAGEN,Passat B7,2013,Jeep,Automatic,Front,35.8974
22266,VOLKSWAGEN,Passat R-line,2016,Jeep,Automatic,4x4,37
19707,VOLKSWAGEN,Passat SE,2015,Jeep,Automatic,Front,24.359
20266,VOLKSWAGEN,Passat sel,2011,Jeep,Automatic,Front,32
18826,VOLKSWAGEN,Passat,2007,Jeep,Automatic,Front,32
32311,VOLKSWAGEN,Passat,2008,Jeep,Automatic,Front,33.3333
35927,VOLKSWAGEN,Passat,2011,Jeep,Automatic,Front,49
25402,VOLKSWAGEN,Passat,2012,Jeep,Automatic,Front,63
43868,VOLKSWAGEN,Passat,2013,Jeep,Automatic,Front,43
40340,VOLKSWAGEN,Passat,2014,Jeep,Automatic,Front,44
61521,VOLKSWAGEN,Passat,2016,Jeep,Automatic,Front,38
10976,VOLKSWAGEN,Passat,2017,Jeep,Automatic,4x4,37
17562,VOLKSWAGEN,Polo,2015,Coupe,Automatic,Rear,45
26814,VOLKSWAGEN,Routan SEL,2010,Hatchback,Automatic,Front,12.8205
14426,VOLKSWAGEN,T5,2008,Sedan,Automatic,4x4,50
21639,VOLKSWAGEN,Tiguan SE,2015,Jeep,Automatic,4x4,50
11604,VOLKSWAGEN,Tiguan,2011,Sedan,Automatic,4x4,50
11917,VOLKSWAGEN,Tiguan,2012,Jeep,Automatic,4x4,36
22110,VOLKSWAGEN,Tiguan,2013,Hatchback,Automatic,4x4,39.7436
12000,VOLKSWAGEN,Touareg,2003,Jeep,Automatic,4x4,29
16621,VOLKSWAGEN,Touareg,2004,Jeep,Manual,4x4,29
16621,VOLKSWAGEN,Touran,2008,Jeep,Manual,4x4,32
11917,VOLVO,C30 2010,2010,Jeep,Automatic,4x4,33
13172,VOLVO,S60,2014,Jeep,Automatic,4x4,32
12544,VOLVO,V50,2010,Jeep,Automatic,4x4,12.8205
0,,,,Other,Other,Other,0
